,address,city,zip,beds,baths,sqft,year,saleprice,zestimate,rent,type,hoa,tax,apprec,url
0,2512 w laredo ln,phoenix,85085,5.0,4.0,3253.0,2006.0,389900.0,"['""zestimate"":394243']","['""rentZestimate"":2395']",single family,"['HOA Fee"",""factValue"":""$46']","2018 $2,729 +3.6% $30,160 +6.3%","$394,282 (+0.0 %)",0
1,4419 w summerside rd,laveen,85339,5.0,3.0,3016.0,2005.0,324000.0,"['""zestimate"":322013']","['""rentZestimate"":1800']",single family,"['HOA Fee"",""factValue"":""$93']","2018 $3,273 +5.8% $23,520 +12.5%","$329,194 (+2.2 %)",0
2,3820 s 101st dr,tolleson,85353,3.0,2.0,2213.0,2006.0,249900.0,"['""zestimate"":248202']","['""rentZestimate"":1425']",single family,"['HOA Fee"",""factValue"":""$64']","2018 $1,766 +20% $16,850 +11.1%","$256,914 (+3.5 %)",0
3,6618 s 54th ln,laveen,85339,5.0,3.0,4040.0,2006.0,345900.0,"['""zestimate"":340518']","['""rentZestimate"":1850']",single family,"['HOA Fee"",""factValue"":""$64']","2018 $3,121 +5.8% $25,810 +17.9%","$344,774 (+1.2 %)",0
4,2221 n 94th ave,phoenix,85037,4.0,3.0,2603.0,2005.0,260900.0,"['""zestimate"":250584']","['""rentZestimate"":1550']",single family,"['HOA Fee"",""factValue"":""$73']","2018 $1,515 +12% $17,310 +17.2%","$258,628 (+3.2 %)",0
5,2344 w dusty wren dr,phoenix,85085,3.0,3.0,2092.0,2005.0,302900.0,"['""zestimate"":299935']","['""rentZestimate"":1500']",single family,"['HOA Fee"",""factValue"":""$107']","2018 $1,906 +3.6% $19,720 +7.3%","$305,484 (+1.9 %)",0
6,2513 w oberlin way,phoenix,85085,4.0,3.0,2232.0,2002.0,319500.0,"['""zestimate"":317109']","['""rentZestimate"":1700']",single family,"['HOA Fee"",""factValue"":""$46']","2018 $2,243 +3.4% $23,270 +4.7%","$322,722 (+1.8 %)",0
7,7230 s 42nd ln,phoenix,85041,3.0,1.75,1278.0,2004.0,189000.0,"['""zestimate"":193733']","['""rentZestimate"":1200']",single family,"['HOA Fee"",""factValue"":""$76']","2018 $1,253 -4.8% $12,200 +18.1%","$204,311 (+5.5 %)",0
8,6412 w whyman ave,phoenix,85043,4.0,2.5,2119.0,2001.0,190000.0,"['""zestimate"":236984']","['""rentZestimate"":1395']",single family,"['HOA Fee"",""factValue"":""$30']","2018 $1,276 +6.6% $16,800 +13.1%","$244,496 (+3.2 %)",0
9,2342 w tallgrass trl,phoenix,85085,5.0,3.0,2542.0,2006.0,353900.0,"['""zestimate"":349132']","['""rentZestimate"":1900']",single family,"['HOA Fee"",""factValue"":""$108']","2018 $2,273 +3.6% $26,020 +4.6%","$351,890 (+0.8 %)",0
10,4611 e laredo ln,cave creek,85331,4.0,3.0,2132.0,2000.0,364900.0,"['""zestimate"":362253']","['""rentZestimate"":2000']",single family,"['HOA Fee"",""factValue"":""$63']","2018 $1,734 +3.8% $26,530 +3.9%","$364,427 (+0.6 %)",0
11,4313 w hasan dr,laveen,85339,4.0,3.0,2156.0,2006.0,249900.0,"['""zestimate"":235423']","['""rentZestimate"":1434']",single family,"['HOA Fee"",""factValue"":""$45']","2018 $1,898 +5.8% $16,480 +12.8%","$242,556 (+3.0 %)",0
12,3006 e kings ave,phoenix,85032,3.0,2.5,1653.0,2004.0,239900.0,"['""zestimate"":239931']","['""rentZestimate"":1395']",single family,"['HOA Fee"",""factValue"":""$57']","2018 $1,093 +4.3% $16,180 +37.4%","$249,288 (+3.9 %)",0
13,10225 w camelback rd #23,phoenix,85037,3.0,2.5,1525.0,2013.0,199000.0,"['""zestimate"":209459']","['""rentZestimate"":1350']",single family,"['HOA Fee"",""factValue"":""$200']","2018 $1,858 +6.7% $13,220 +4.3%","$217,502 (+3.8 %)",0
14,3237 w galvin st,phoenix,85086,4.0,2.0,2103.0,2004.0,325000.0,"['""zestimate"":328432']","['""rentZestimate"":1775']",single family,"['HOA Fee"",""factValue"":""$51']","2018 $2,570 +3.4% $22,960 +5.6%","$333,983 (+1.7 %)",0
15,7242 s 48th gln,laveen,85339,4.0,3.0,2024.0,2008.0,226900.0,"['""zestimate"":227415']","['""rentZestimate"":1375']",single family,"['HOA Fee"",""factValue"":""$124']","2018 $2,024 +5.8% $15,160 +8.2%","$236,921 (+4.2 %)",0
16,3551 w ross ave,glendale,85308,3.0,2.0,1848.0,2010.0,175000.0,"['""zestimate"":219091']","['""rentZestimate"":1200']",single family,[],"2018 $333 +3.6% $4,810 +42.7%","$232,149 (+6.0 %)",0
17,1924 w nancy ln,phoenix,85041,3.0,2.0,1651.0,2004.0,239900.0,"['""zestimate"":226829']","['""rentZestimate"":1350']",single family,"['HOA Fee"",""factValue"":""$42']","2018 $1,614 +7.3% $15,300 +9.8%","$235,131 (+3.7 %)",0
18,3935 e rough rider rd unit 1244,phoenix,85050,3.0,3.0,1535.0,2010.0,327900.0,"['""zestimate"":328793']","['""rentZestimate"":1650']",townhouse,"['HOA Fee"",""factValue"":""$275']","2018 $2,738 +3.8% $25,070 +2.5%","$329,878 (+0.3 %)",0
19,25608 n 50th gln,phoenix,85083,4.0,3.0,3002.0,2009.0,414900.0,"['""zestimate"":416546']","['""rentZestimate"":2405']",single family,"['HOA Fee"",""factValue"":""$73']","2018 $2,975 +3.6% $33,010 +5.3%","$420,420 (+0.9 %)",0
20,1102 w mohave st,phoenix,85007,4.0,2.0,1663.0,2018.0,189999.0,"['""zestimate"":192724']","['""rentZestimate"":975']",single family,[],"2018 $325 -8.4% $5,760 +20%","$206,774 (+7.3 %)",0
21,19226 n cave creek rd unit 102,phoenix,85024,3.0,3.0,1334.0,2005.0,255900.0,"['""zestimate"":252171']","['""rentZestimate"":1500']",townhouse,"['HOA Fee"",""factValue"":""$245']","2018 $1,745 +4.7% $17,650 +3.5%","$257,895 (+2.3 %)",0
22,"the gallery - build on your lot! plan, fairway homes west phoenix",phoenix,85027,,,,,161900.0,"['""zestimate"":278587']","['""rentZestimate"":1550']",sunday and monday by appointmenttuesday ? friday 10am ? 6pmsaturday 9am ? 6pm,[],,"-$2,478 (-0.9 %)",0
23,3010 w rapalo rd,phoenix,85086,4.0,2.0,2350.0,2003.0,357000.0,"['""zestimate"":350990']","['""rentZestimate"":1945']",single family,"['HOA Fee"",""factValue"":""$51']","2018 $2,814 +3.4% $25,730 +5.5%","$357,343 (+1.8 %)",0
24,8425 w avalon dr,phoenix,85037,4.0,2.0,1629.0,2001.0,214900.0,"['""zestimate"":205237']","['""rentZestimate"":1300']",single family,"['HOA Fee"",""factValue"":""$40']","2018 $1,116 +7.3% $13,780 +3.8%","$212,318 (+3.5 %)",0
25,1718 s 5th st,phoenix,85004,3.0,2.5,1576.0,2008.0,193000.0,"['""zestimate"":192877']","['""rentZestimate"":1275']",single family,[],"2018 $661 +2.4% $9,510 +21.9%","$204,739 (+6.2 %)",0
26,3314 w fraktur rd,phoenix,85041,4.0,2.5,2165.0,2005.0,240000.0,"['""zestimate"":225927']","['""rentZestimate"":1395']",single family,"['HOA Fee"",""factValue"":""$65']","2018 $1,632 +7.3% $15,570 +13.2%","$233,586 (+3.4 %)",0
27,4108 n 48th dr,phoenix,85031,4.0,2.0,1975.0,2018.0,277220.0,"['""zestimate"":216450']","['""rentZestimate"":1350']",single family,[],"2018 $538 +1.3% $4,140 +16%","-$1,342 (-0.6 %)",0
28,7172 s 48th gln,laveen,85339,3.0,2.5,1418.0,2008.0,,"['""zestimate"":199805']","['""rentZestimate"":1295']",single family,"['HOA Fee"",""factValue"":""$154']","2018 $1,658 +5.8% $12,750 +9.2%",,0
29,1751 w tombstone trl,phoenix,85085,4.0,4.0,2484.0,2015.0,442900.0,"['""zestimate"":425921']","['""rentZestimate"":2405']",single family,"['HOA Fee"",""factValue"":""$130']","2018 $3,153 +3.6% $31,050 -16.3%","+$12,787 (+3.1 %)",0
30,2325 w white feather ln,phoenix,85085,3.0,2.5,1558.0,2002.0,295000.0,"['""zestimate"":289303']","['""rentZestimate"":1500']",single family,"['HOA Fee"",""factValue"":""$46']","2018 $1,832 +21.1% $19,110 +6.3%","$294,076 (+1.6 %)",0
31,6834 s 29th ln,phoenix,85041,4.0,4.0,3771.0,2005.0,289000.0,"['""zestimate"":302931']","['""rentZestimate"":1750']",single family,"['HOA Fee"",""factValue"":""$54']","2018 $3,024 +4.9% $23,510 +6.8%","$306,748 (+1.3 %)",0
32,10034 w winslow ave,tolleson,85353,4.0,3.0,1819.0,2006.0,199900.0,"['""zestimate"":214906']","['""rentZestimate"":1325']",single family,"['HOA Fee"",""factValue"":""$76']","2018 $1,103 +6.3% $14,130 +13%","$219,956 (+2.3 %)",0
33,2315 e sunland ave,phoenix,85040,4.0,2.5,1743.0,2006.0,243900.0,"['""zestimate"":243545']","['""rentZestimate"":1400']",single family,"['HOA Fee"",""factValue"":""$135']","2018 $2,001 +7.3% $16,710 +12.8%","$249,707 (+2.5 %)",0
34,16232 n 27th pl,phoenix,85032,3.0,2.0,1511.0,2007.0,228900.0,"['""zestimate"":244942']","['""rentZestimate"":1449']",single family,[],"2018 $874 +22.5% $9,710 +13.3%","$246,902 (+0.8 %)",0
35,5217 w beautiful ln,laveen,85339,4.0,3.0,2849.0,2007.0,265000.0,"['""zestimate"":275547']","['""rentZestimate"":1550']",single family,"['HOA Fee"",""factValue"":""$72']","2018 $2,404 +5.8% $20,350 +16.6%","$281,499 (+2.2 %)",0
36,6401 w villa linda dr,glendale,85310,3.0,3.0,1833.0,2001.0,310000.0,"['""zestimate"":326537']","['""rentZestimate"":1650']",single family,"['HOA Fee"",""factValue"":""$56']","2018 $2,110 +3.6% $22,560 +7.6%","$330,488 (+1.2 %)",0
37,"el conquistador - build on your lot! plan, fairway homes west phoenix",phoenix,85027,,,,,187900.0,"['""zestimate"":299544']","['""rentZestimate"":1600']",sunday and monday by appointmenttuesday ? friday 10am ? 6pmsaturday 9am ? 6pm,[],,"-$24,649 (-7.6 %)",0
38,405 w la mirada dr,phoenix,85041,3.0,2.0,1701.0,2007.0,194500.0,"['""zestimate"":224553']","['""rentZestimate"":1395']",single family,[],"2018 $1,386 +7.3% $15,210 +2.6%","$231,739 (+3.2 %)",0
39,7015 w alicia dr,laveen,85339,4.0,3.0,2261.0,2015.0,220000.0,"['""zestimate"":246265']","['""rentZestimate"":1499']",single family,"['HOA Fee"",""factValue"":""$46']","2018 $2,366 +5.8% $16,530 +5.8%","+$8,573 (+3.6 %)",0
40,7021 w trumbull rd,phoenix,85043,4.0,3.0,2785.0,2010.0,279900.0,"['""zestimate"":278896']","['""rentZestimate"":1600']",single family,"['HOA Fee"",""factValue"":""$78']","2018 $1,702 +6.6% $19,630 +3.8%","$289,606 (+3.8 %)",0
41,3028 w chanute pass,phoenix,85041,5.0,3.0,2314.0,2005.0,237900.0,"['""zestimate"":251237']","['""rentZestimate"":1500']",single family,"['HOA Fee"",""factValue"":""$47']","2018 $2,110 +4.9% $18,660 +19.6%","$262,568 (+4.5 %)",0
42,7814 s 5th dr,phoenix,85041,4.0,3.0,1313.0,2005.0,,"['""zestimate"":206498']","['""rentZestimate"":1393']",single family,[],"2018 $1,500 +7.3% $13,170 +0.7%","$219,032 (+6.1 %)",0
43,2206 w spur dr,phoenix,85085,4.0,4.0,2231.0,2005.0,352900.0,"['""zestimate"":344174']","['""rentZestimate"":1750']",single family,"['HOA Fee"",""factValue"":""$60']","2018 $2,327 +3.6% $24,610 +9.5%","$347,203 (+0.9 %)",0
44,3239 w gran paradiso dr,phoenix,85086,4.0,2.5,2151.0,2011.0,295000.0,"['""zestimate"":302979']","['""rentZestimate"":1550']",single family,"['HOA Fee"",""factValue"":""$82']",,"$306,887 (+1.3 %)",0
0,2910 n 48th pl,phoenix,85018,4.0,3.5,2242,2002.0,449900,"['""zestimate"":434132']","['""rentZestimate"":2495']",single family,"['HOA Fee"",""factValue"":""$167']","2018 $3,278 +4.1% $34,020 +3.2%","$441,078 (+1.6 %)",0
1,3551 w ross ave,glendale,85308,3.0,2.0,1848,2010.0,175000,"['""zestimate"":219091']","['""rentZestimate"":1200']",single family,[],"2018 $333 +3.6% $4,810 +42.7%","$232,149 (+6.0 %)",0
2,8506 w luken way,tolleson,85353,4.0,2.5,2145,2006.0,220000,"['""zestimate"":222246']","['""rentZestimate"":1307']",single family,"['HOA Fee"",""factValue"":""$59']","2018 $1,421 +7.7% $14,810 +11.8%","$229,425 (+3.2 %)",0
3,7823 s 5th dr,phoenix,85041,5.0,3.0,2576,2005.0,284900,"['""zestimate"":273442']","['""rentZestimate"":1600']",single family,"['HOA Fee"",""factValue"":""$91']","2018 $2,318 +7.3% $18,610 -0.3%","$277,188 (+1.4 %)",0
4,1920 e bell rd unit 1189,phoenix,85022,2.0,2.5,1344,2006.0,190000,"['""zestimate"":193924']","['""rentZestimate"":1350']",townhouse,"['HOA Fee"",""factValue"":""$195']","2018 $1,000 +4.3% $13,370 +13.6%","$202,011 (+4.2 %)",0
5,6441 s cottonfields ln,laveen,85339,3.0,2.0,2208,2003.0,309000,"['""zestimate"":297293']","['""rentZestimate"":1600']",single family,"['HOA Fee"",""factValue"":""$75']","2018 $3,044 +5.4% $21,860 +11.5%","$304,071 (+2.3 %)",0
6,6535 w jomax rd,phoenix,85083,4.0,3.0,2476,2001.0,325000,"['""zestimate"":334939']","['""rentZestimate"":1900']",single family,"['HOA Fee"",""factValue"":""$45']","2018 $2,356 +3.6% $26,730 +7.7%","$340,030 (+1.5 %)",0
7,7135 w zak rd,phoenix,85043,4.0,2.0,1580,2000.0,214900,"['""zestimate"":205558']","['""rentZestimate"":1275']",single family,"['HOA Fee"",""factValue"":""$55']","2018 $1,071 +6% $13,330 +14.7%","$216,843 (+5.5 %)",0
8,2021 w caleb rd,phoenix,85085,4.0,2.0,2282,2006.0,419000,"['""zestimate"":394356']","['""rentZestimate"":1850']",single family,"['HOA Fee"",""factValue"":""$46']","2018 $2,438 +3.6% $27,820 +5.1%","$395,894 (+0.4 %)",0
9,9513 w kingman st,tolleson,85353,4.0,2.5,2479,2004.0,255000,"['""zestimate"":250251']","['""rentZestimate"":1450']",single family,"['HOA Fee"",""factValue"":""$51']","2018 $1,356 +8.5% $16,160 +11.4%","$258,009 (+3.1 %)",0
10,2329 w fawn dr,phoenix,85041,5.0,3.0,2882,2007.0,294900,"['""zestimate"":296948']","['""rentZestimate"":1725']",single family,"['HOA Fee"",""factValue"":""$67']","2018 $3,262 +7.3% $23,800 +8.2%","$299,917 (+1.0 %)",0
11,6834 s 29th ln,phoenix,85041,4.0,4.0,3771,2005.0,289000,"['""zestimate"":302931']","['""rentZestimate"":1750']",single family,"['HOA Fee"",""factValue"":""$54']","2018 $3,024 +4.9% $23,510 +6.8%","$306,748 (+1.3 %)",0
12,7814 s 5th dr,phoenix,85041,4.0,3.0,1313,2005.0,,"['""zestimate"":206498']","['""rentZestimate"":1393']",single family,[],"2018 $1,500 +7.3% $13,170 +0.7%","$219,032 (+6.1 %)",0
13,3308 w adobe dam rd,phoenix,85027,4.0,2.5,2971,2001.0,399000,"['""zestimate"":420356']","['""rentZestimate"":2200']",single family,"['HOA Fee"",""factValue"":""$30']","2018 $3,678 +3.4% $33,330 +10.5%","$420,482 (+0.0 %)",0
14,3535 e hazelwood st,phoenix,85018,4.0,3.5,2403,2018.0,490000,"['""zestimate"":498704']","['""rentZestimate"":2300']",single family,[],"2018 $3,768 +4.3% $32,280 +9.8%","$501,247 (+0.5 %)",0
15,6854 w darrel rd,laveen,85339,3.0,2.0,1634,2004.0,214900,"['""zestimate"":214535']","['""rentZestimate"":1300']",single family,"['HOA Fee"",""factValue"":""$72']","2018 $1,421 +5.8% $12,660 +14.3%","$223,095 (+4.0 %)",0
16,5113 w swayback pass,phoenix,85083,5.0,3.5,3548,2006.0,439000,"['""zestimate"":442925']","['""rentZestimate"":2395']",single family,"['HOA Fee"",""factValue"":""$73']","2018 $3,341 +3.6% $35,010 +5.2%","$449,879 (+1.6 %)",0
17,520 e townley ave,phoenix,85020,4.0,2.0,1514,2005.0,289900,"['""zestimate"":280236']","['""rentZestimate"":1515']",single family,[],"2018 $1,285 +0.5% $17,100 +11.3%","$287,466 (+2.6 %)",0
18,7812 s 48th dr,laveen,85339,4.0,2.5,1562,2005.0,204900,"['""zestimate"":208597']","['""rentZestimate"":1300']",single family,"['HOA Fee"",""factValue"":""$68']","2018 $1,440 +5.8% $13,370 +15%","$215,356 (+3.2 %)",0
19,2017 w whisper rock trl,phoenix,85085,4.0,3.5,3008,2004.0,417000,"['""zestimate"":439873']","['""rentZestimate"":2395']",single family,"['HOA Fee"",""factValue"":""$175']","2018 $3,272 +3.6% $31,120 +5.3%","$443,392 (+0.8 %)",0
20,8425 w avalon dr,phoenix,85037,4.0,2.0,1629,2001.0,214900,"['""zestimate"":205237']","['""rentZestimate"":1300']",single family,"['HOA Fee"",""factValue"":""$40']","2018 $1,116 +7.3% $13,780 +3.8%","$212,318 (+3.5 %)",0
21,5332 s 34th dr,phoenix,85041,4.0,2.0,2072,2016.0,260000,"['""zestimate"":253930']","['""rentZestimate"":1460']",single family,"['HOA Fee"",""factValue"":""$85']","2018 $2,222 +7.3% $18,380 +11%","+$11,156 (+4.6 %)",0
22,10225 w camelback rd #23,phoenix,85037,3.0,2.5,1525,2013.0,199000,"['""zestimate"":209459']","['""rentZestimate"":1350']",single family,"['HOA Fee"",""factValue"":""$200']","2018 $1,858 +6.7% $13,220 +4.3%","$217,502 (+3.8 %)",0
23,1920 e bell rd unit 1036,phoenix,85022,3.0,2.0,1439,2006.0,210000,"['""zestimate"":208492']","['""rentZestimate"":1350']",townhouse,"['HOA Fee"",""factValue"":""$195']","2018 $898 +4.7% $14,170 +13.6%","$216,998 (+4.1 %)",0
24,5650 w wood st,phoenix,85043,4.0,3.0,2502,2006.0,249999,"['""zestimate"":244681']","['""rentZestimate"":1495']",single family,"['HOA Fee"",""factValue"":""$41']","2018 $1,423 +7% $16,400 +12.9%","$251,777 (+2.9 %)",0
25,3211 w saint anne ave,phoenix,85041,5.0,2.5,3182,2005.0,265000,"['""zestimate"":265644']","['""rentZestimate"":1590']",single family,"['HOA Fee"",""factValue"":""$15']","2018 $2,095 +7.3% $18,200 +6.7%","$274,437 (+3.3 %)",0
26,517 e ames pl,phoenix,85004,3.0,3.5,1568,2014.0,350000,"['""zestimate"":363413']","['""rentZestimate"":1950']",townhouse,"['HOA Fee"",""factValue"":""$200']","2018 $4,015 +2.4% $30,160 +3.5%","$363,885 (+0.1 %)",0
27,631 e cody dr,phoenix,85040,4.0,2.5,1641,2006.0,209000,"['""zestimate"":206167']","['""rentZestimate"":1325']",single family,"['HOA Fee"",""factValue"":""$45']","2018 $1,412 +4.9% $12,810 +11.3%","$215,238 (+4.4 %)",0
28,20035 n 39th ave,glendale,85308,3.0,2.0,1867,2004.0,275000,"['""zestimate"":271109']","['""rentZestimate"":1500']",single family,"['HOA Fee"",""factValue"":""$66']","2018 $1,523 +3.6% $19,950 +16.8%","$276,152 (+1.9 %)",0
29,8436 s 21st pl,phoenix,85042,4.0,3.0,2458,2006.0,448000,"['""zestimate"":398116']","['""rentZestimate"":2205']",single family,"['HOA Fee"",""factValue"":""$110']","2018 $3,723 +7.3% $31,930 +3.3%","$401,619 (+0.9 %)",0
30,2690 n 73rd dr,phoenix,85035,3.0,2.5,1579,2014.0,199900,"['""zestimate"":197476']","['""rentZestimate"":1275']",single family,"['HOA Fee"",""factValue"":""$109']","2018 $2,022 +3.4% $13,510 +5.3%","$206,125 (+4.4 %)",0
31,2725 e mine creek rd unit 1133,phoenix,85024,2.0,2.5,1166,2013.0,219500,"['""zestimate"":230589']","['""rentZestimate"":1400']",townhouse,"['HOA Fee"",""factValue"":""$251']","2018 $1,479 +4.7% $17,210 +8.6%","$237,276 (+2.9 %)",0
32,4913 w pedro ln,laveen,85339,5.0,3.0,3364,2004.0,345000,"['""zestimate"":379321']","['""rentZestimate"":2095']",single family,"['HOA Fee"",""factValue"":""$68']","2018 $3,263 +5.8% $26,920 +13.1%","$379,776 (+0.1 %)",0
33,2116 e danbury rd,phoenix,85022,3.0,2.0,1615,2003.0,275000,"['""zestimate"":271372']","['""rentZestimate"":1500']",single family,"['HOA Fee"",""factValue"":""$47']","2018 $1,668 +4.3% $17,350 +7.6%","$276,555 (+1.9 %)",0
34,16015 n 30th st unit 120,phoenix,85032,2.0,3.0,1172,2006.0,192500,"['""zestimate"":190807']","['""rentZestimate"":1250']",townhouse,"['HOA Fee"",""factValue"":""$175']",,"$198,687 (+4.1 %)",0
35,2209 e flandreau rd,phoenix,85024,4.0,2.5,2857,2016.0,460000,"['""zestimate"":444951']","['""rentZestimate"":2000']",single family,"['HOA Fee"",""factValue"":""$101']","2018 $2,726 +4.7% $32,710 +3.2%","+$30,503 (+7.4 %)",0
36,5533 w cavedale dr,phoenix,85083,3.0,2.0,1814,2007.0,329900,"['""zestimate"":326832']","['""rentZestimate"":1695']",single family,"['HOA Fee"",""factValue"":""$73']","2018 $2,889 +3.4% $23,180 +7.1%","$334,382 (+2.3 %)",0
37,7242 s 48th gln,laveen,85339,4.0,3.0,2024,2008.0,226900,"['""zestimate"":227415']","['""rentZestimate"":1375']",single family,"['HOA Fee"",""factValue"":""$124']","2018 $2,024 +5.8% $15,160 +8.2%","$236,921 (+4.2 %)",0
38,16825 n 14th st unit 118,phoenix,85022,4.0,3.0,1787,2007.0,248000,"['""zestimate"":246168']","['""rentZestimate"":1475']",townhouse,"['HOA Fee"",""factValue"":""$149']","2018 $1,212 +4.7% $16,250 +5%","$251,608 (+2.2 %)",0
39,610 e roosevelt st unit 147,phoenix,85004,2.0,2.0,1238,2004.0,295000,"['""zestimate"":290094']","['""rentZestimate"":1500']",condo,"['HOA Fee"",""factValue"":""$235']","2018 $1,579 +3.7% $17,870 +14.1%","$304,570 (+5.0 %)",0
40,3935 e rough rider rd unit 1244,phoenix,85050,3.0,3.0,1535,2010.0,327900,"['""zestimate"":328793']","['""rentZestimate"":1650']",townhouse,"['HOA Fee"",""factValue"":""$275']","2018 $2,738 +3.8% $25,070 +2.5%","$329,878 (+0.3 %)",0
41,10225 w camelback rd unit 12,phoenix,85037,3.0,2.5,1837,2007.0,219900,"['""zestimate"":220582']","['""rentZestimate"":1400']",single family,"['HOA Fee"",""factValue"":""$200']","2018 $1,784 +7.3% $13,900 +4.1%","$227,288 (+3.0 %)",0
42,114 w adams st unit 310,phoenix,85003,2.0,2.0,1718,2005.0,429000,"['""zestimate"":419691']","['""rentZestimate"":1750']",condo,[],"2018 $1,833 +2.7% $19,210 +14.7%","$428,756 (+2.2 %)",0
43,"24 plan, villa carmel",phoenix,85032,,,,,52900,"['""zestimate"":220685']","['""rentZestimate"":1150']",monday - friday 9am to 3pmweekends by appointment only,[],,Unavailable,0
44,8815 w toronto way,tolleson,85353,3.0,2.0,1662,2005.0,209900,"['""zestimate"":213528']","['""rentZestimate"":1295']",single family,"['HOA Fee"",""factValue"":""$48']","2018 $1,104 +8.5% $13,870 +12.6%","$225,913 (+5.8 %)",0
45,2576 w amber sun dr,phoenix,85085,3.0,2.0,1625,2004.0,279900,"['""zestimate"":275930']","['""rentZestimate"":1395']",single family,"['HOA Fee"",""factValue"":""$46']","2018 $1,750 +3.6% $18,260 +8.2%","$280,097 (+1.5 %)",0
46,4108 n 48th dr,phoenix,85031,4.0,2.0,1975,2018.0,277220,"['""zestimate"":216450']","['""rentZestimate"":1350']",single family,[],"2018 $538 +1.3% $4,140 +16%","-$1,342 (-0.6 %)",0
47,2521 w balao dr,phoenix,85085,5.0,4.0,3694,2014.0,500000,"['""zestimate"":490674']","['""rentZestimate"":2500']",single family,"['HOA Fee"",""factValue"":""$75']","2018 $3,368 +3.6% $39,270 +1.4%",+$665 (+0.1 %),0
48,15818 n 25th st unit 118,phoenix,85032,2.0,2.5,1275,2006.0,149800,"['""zestimate"":149068']","['""rentZestimate"":1350']",townhouse,"['HOA Fee"",""factValue"":""$220']","2018 $735 +22.5% $9,320 +3.8%","$153,182 (+2.8 %)",0
49,1738 w maricopa st,phoenix,85007,3.0,2.0,1455,2019.0,229900,"['""zestimate"":194340']","['""rentZestimate"":1100']",single family,[],"2018 $430 +2.4% $2,790 +14.8%",Unavailable,0
50,5214 w fraktur rd,laveen,85339,3.0,2.0,1138,2002.0,190000,"['""zestimate"":182190']","['""rentZestimate"":1250']",single family,"['HOA Fee"",""factValue"":""$57']","2018 $1,148 +5.8% $11,050 +17.2%","$191,518 (+5.1 %)",0
51,2420 e darrel rd,phoenix,85042,3.0,2.0,1720,2000.0,299000,"['""zestimate"":293366']","['""rentZestimate"":1650']",single family,"['HOA Fee"",""factValue"":""$120']","2018 $2,872 +7.3% $21,920 +10.9%","$301,228 (+2.7 %)",0
52,6432 s 71st dr,laveen,85339,3.0,2.0,1261,2005.0,194670,"['""zestimate"":190341']","['""rentZestimate"":1200']",single family,"['HOA Fee"",""factValue"":""$60']","2018 $1,260 +5.8% $11,430 +16.5%","$201,019 (+5.6 %)",0
53,4065 w ardmore homesite # 102,laveen,85339,,,,,235000,"['""zestimate"":229956']","['""rentZestimate"":1355']",mon-tue 10am-6pm wed 1pm-6pm thur-sat 10am-6pm sun 11am-6pm,[],,Unavailable,0
54,3106 w donatello dr,phoenix,85086,4.0,2.0,2500,2002.0,369900,"['""zestimate"":364430']","['""rentZestimate"":1950']",single family,"['HOA Fee"",""factValue"":""$50']","2018 $2,547 +3.6% $27,050 +5.8%","$368,074 (+1.0 %)",0
55,2300 e campbell ave unit 228,phoenix,85016,,,,2019.0,299000,"['""zestimate"":335305']","['""rentZestimate"":1435']",condo,[],,Unavailable,0
56,1224 s 15th dr,phoenix,85007,3.0,2.0,1580,2004.0,180000,"['""zestimate"":186677']","['""rentZestimate"":1295']",single family,[],"2018 $686 +2.4% $10,380 +21.1%","$200,267 (+7.3 %)",0
57,5549 w wood st,phoenix,85043,4.0,3.0,2502,2006.0,245000,"['""zestimate"":242350']","['""rentZestimate"":1495']",single family,"['HOA Fee"",""factValue"":""$41']","2018 $1,434 +7% $16,570 +13.3%","$250,081 (+3.2 %)",0
58,25651 n singbush loop,phoenix,85083,5.0,3.5,3482,2000.0,499900,"['""zestimate"":485124']","['""rentZestimate"":2450']",single family,"['HOA Fee"",""factValue"":""$64']","2018 $4,087 +3.4% $36,830 +5.7%","$484,105 (-0.2 %)",0
59,1431 e romley ave,phoenix,85040,2.0,2.0,1303,2004.0,174800,"['""zestimate"":175734']","['""rentZestimate"":1250']",single family,"['HOA Fee"",""factValue"":""$99']","2018 $895 +7.3% $10,600 +9.6%","$185,171 (+5.4 %)",0
60,7728 w granada rd,phoenix,85035,3.0,2.5,1934,2013.0,221000,"['""zestimate"":219196']","['""rentZestimate"":1400']",single family,"['HOA Fee"",""factValue"":""$137']","2018 $2,184 +4.9% $15,780 +5.3%","+$8,953 (+4.3 %)",0
61,4731 e preserve way,cave creek,85331,3.0,2.0,1538,2003.0,324900,"['""zestimate"":320435']","['""rentZestimate"":1650']",single family,"['HOA Fee"",""factValue"":""$63']","2018 $1,551 +3.8% $23,380 +3.9%","$327,613 (+2.2 %)",0
62,405 w la mirada dr,phoenix,85041,3.0,2.0,1701,2007.0,194500,"['""zestimate"":224553']","['""rentZestimate"":1395']",single family,[],"2018 $1,386 +7.3% $15,210 +2.6%","$231,739 (+3.2 %)",0
63,2336 w laredo ln,phoenix,85085,5.0,3.0,3742,2006.0,404900,"['""zestimate"":404491']","['""rentZestimate"":2300']",single family,"['HOA Fee"",""factValue"":""$46']","2018 $2,872 +3.6% $30,950 +6.1%","$405,785 (+0.3 %)",0
64,44019 n 49th dr,new river,85087,4.0,4.0,2915,2007.0,425000,"['""zestimate"":416836']","['""rentZestimate"":2200']",single family,"['HOA Fee"",""factValue"":""$84']","2018 $3,759 +3.4% $32,000 +2.1%","$422,255 (+1.3 %)",0
65,9408 w kody pass,phoenix,85037,4.0,2.5,3673,2005.0,349900,"['""zestimate"":321407']","['""rentZestimate"":1650']",single family,"['HOA Fee"",""factValue"":""$55']","2018 $2,023 +12% $21,350 +13.1%","$324,717 (+1.0 %)",0
66,8414 w hamster ln,tolleson,85353,6.0,3.0,2349,2002.0,250000,"['""zestimate"":236242']","['""rentZestimate"":1445']",single family,"['HOA Fee"",""factValue"":""$58']","2018 $1,303 -5.3% $16,060 +12.5%","$243,306 (+3.0 %)",0
67,4504 w venture ct,phoenix,85086,5.0,3.0,2527,2006.0,369999,"['""zestimate"":361458']","['""rentZestimate"":1850']",single family,"['HOA Fee"",""factValue"":""$84']","2018 $2,495 +3.6% $26,210 +6.7%","$360,807 (-0.2 %)",0
68,25608 n 50th gln,phoenix,85083,4.0,3.0,3002,2009.0,414900,"['""zestimate"":416546']","['""rentZestimate"":2405']",single family,"['HOA Fee"",""factValue"":""$73']","2018 $2,975 +3.6% $33,010 +5.3%","$420,420 (+0.9 %)",0
69,3022 w donatello dr,phoenix,85086,4.0,2.5,3380,2002.0,384000,"['""zestimate"":372010']","['""rentZestimate"":2000']",single family,"['HOA Fee"",""factValue"":""$49']","2018 $2,570 +3.6% $27,000 +4.6%","$372,159 (+0.0 %)",0
70,None,None,None,,,,,,[],[],,[],,,0
71,7560 w darrel rd,laveen,85339,3.0,2.0,1717,2016.0,239999,"['""zestimate"":236766']","['""rentZestimate"":1400']",single family,"['HOA Fee"",""factValue"":""$72']","2018 $2,177 +5.8% $17,300 +10.5%","+$3,051 (+1.3 %)",0
72,10034 w winslow ave,tolleson,85353,4.0,3.0,1819,2006.0,199900,"['""zestimate"":214906']","['""rentZestimate"":1325']",single family,"['HOA Fee"",""factValue"":""$76']","2018 $1,103 +6.3% $14,130 +13%","$219,956 (+2.3 %)",0
73,5731 w novak way,laveen,85339,4.0,2.0,1868,2003.0,295000,"['""zestimate"":275543']","['""rentZestimate"":1440']",single family,"['HOA Fee"",""factValue"":""$76']","2018 $2,138 +5.8% $17,350 +10.1%","$282,349 (+2.5 %)",0
74,1828 w pollack st,phoenix,85041,3.0,2.5,1791,2018.0,254999,"['""zestimate"":229459']",[],single family,"['HOA Fee"",""factValue"":""$115']","2018 $173 +4.9% $1,575 -23.4%",Unavailable,0
75,5320 w fulton st,phoenix,85043,3.0,2.5,1353,2005.0,185000,"['""zestimate"":187692']","['""rentZestimate"":1239']",single family,"['HOA Fee"",""factValue"":""$82']","2018 $955 +6.4% $10,930 +17.3%","$199,667 (+6.4 %)",0
76,2639 w state ave apt 2,phoenix,85051,3.0,2.5,1672,2005.0,182000,"['""zestimate"":182329']","['""rentZestimate"":1325']",townhouse,[],"2018 $890 +0.3% $12,220 +11.9%","$191,774 (+5.2 %)",0
77,925 e pedro rd,phoenix,85042,3.0,2.0,1967,2002.0,259999,"['""zestimate"":255599']","['""rentZestimate"":1500']",single family,"['HOA Fee"",""factValue"":""$110']","2018 $2,272 +4.9% $17,380 +4%","$264,213 (+3.4 %)",0
78,1702 e bell rd unit 126,phoenix,85022,3.0,2.5,1658,2004.0,199999,"['""zestimate"":223147']","['""rentZestimate"":1400']",townhouse,"['HOA Fee"",""factValue"":""$190']","2018 $1,110 +4.7% $15,330 +16.6%","$231,359 (+3.7 %)",0
79,1233 e desert park ln,phoenix,85020,3.0,2.5,2304,2019.0,259000,"['""zestimate"":367626']",[],single family,[],"2018 $1,070 +4.9% $7,995 +10.1%",Unavailable,0
80,1102 w mohave st,phoenix,85007,4.0,2.0,1663,2018.0,189999,"['""zestimate"":192724']","['""rentZestimate"":975']",single family,[],"2018 $325 -8.4% $5,760 +20%","$206,774 (+7.3 %)",0
81,1024 e frye rd unit 1007,phoenix,85048,3.0,2.5,1959,2001.0,255000,"['""zestimate"":269287']","['""rentZestimate"":1599']",townhouse,"['HOA Fee"",""factValue"":""$225']","2018 $1,963 +4.8% $19,760 +4.7%","$276,827 (+2.8 %)",0
82,2748 w lamar rd,phoenix,85017,4.0,3.0,2242,2000.0,249900,"['""zestimate"":249769']","['""rentZestimate"":1450']",single family,"['HOA Fee"",""factValue"":""$103']","2018 $1,735 +0.3% $17,360 +8.4%","$255,564 (+2.3 %)",0
83,27613 n 18th dr,phoenix,85085,4.0,2.0,1783,2007.0,349900,"['""zestimate"":345272']","['""rentZestimate"":1800']",single family,"['HOA Fee"",""factValue"":""$126']","2018 $2,434 +3.4% $26,120 +11.3%","$351,556 (+1.8 %)",0
84,26226 n 55th ln,phoenix,85083,4.0,2.5,2512,2006.0,435000,"['""zestimate"":436331']","['""rentZestimate"":2250']",single family,"['HOA Fee"",""factValue"":""$73']",,"$445,581 (+2.1 %)",0
85,16232 n 27th pl,phoenix,85032,3.0,2.0,1511,2007.0,228900,"['""zestimate"":244942']","['""rentZestimate"":1449']",single family,[],"2018 $874 +22.5% $9,710 +13.3%","$246,902 (+0.8 %)",0
86,33845 n 43rd st,cave creek,85331,3.0,2.0,1853,2002.0,357500,"['""zestimate"":366459']","['""rentZestimate"":2000']",single family,"['HOA Fee"",""factValue"":""$63']","2018 $2,062 +3.5% $27,930 +4.5%","$365,983 (-0.1 %)",0
87,35808 n 34th ln,phoenix,85086,4.0,2.0,2423,2003.0,364849,"['""zestimate"":347108']","['""rentZestimate"":1850']",single family,"['HOA Fee"",""factValue"":""$50']","2018 $2,309 +3.6% $24,730 +4.7%","$351,794 (+1.4 %)",0
88,5435 w marietta dr,laveen,85339,5.0,3.0,2462,2006.0,280000,"['""zestimate"":244514']","['""rentZestimate"":1495']",single family,"['HOA Fee"",""factValue"":""$57']","2018 $1,996 +5.8% $16,650 +12.3%","$252,999 (+3.5 %)",0
89,7640 s 31st pl,phoenix,85042,3.0,3.0,2481,2016.0,464900,"['""zestimate"":460631']","['""rentZestimate"":2200']",single family,"['HOA Fee"",""factValue"":""$150']","2018 $3,784 +7.3% $33,510 +18.8%","+$39,650 (+9.4 %)",0
90,"15 plan, villa carmel",phoenix,85032,,,,,49900,"['""zestimate"":219956']","['""rentZestimate"":1100']",monday - friday 9am to 3pmweekends by appointment only,[],,Unavailable,0
91,7206 s 42nd ln,phoenix,85041,3.0,2.0,1729,2003.0,212000,"['""zestimate"":216317']","['""rentZestimate"":1350']",single family,"['HOA Fee"",""factValue"":""$76']","2018 $1,463 +5.8% $13,920 +16%","$223,607 (+3.4 %)",0
92,1225 n 36th st unit 2053,phoenix,85008,2.0,2.0,1206,2006.0,196500,"['""zestimate"":195186']","['""rentZestimate"":1295']",townhouse,"['HOA Fee"",""factValue"":""$192']","2018 $1,253 +4% $13,860 +23.4%","$201,432 (+3.2 %)",0
93,8915 s 40th dr,laveen,85339,3.0,3.0,2611,2007.0,315000,"['""zestimate"":274739']","['""rentZestimate"":1525']",single family,"['HOA Fee"",""factValue"":""$84']","2018 $2,600 +5.8% $18,630 +14.2%","$280,041 (+1.9 %)",0
94,2150 e bell rd unit 1048,phoenix,85022,3.0,2.5,1439,2005.0,218000,"['""zestimate"":219256']","['""rentZestimate"":1350']",townhouse,"['HOA Fee"",""factValue"":""$106']","2018 $1,222 +4.3% $15,150 +14.9%","$226,360 (+3.2 %)",0
95,2758 w chanute pass,phoenix,85041,5.0,3.0,2616,2013.0,259900,"['""zestimate"":274250']","['""rentZestimate"":1500']",single family,"['HOA Fee"",""factValue"":""$47']","2018 $2,307 +7.3% $17,450 +18.5%","$283,766 (+3.5 %)",0
96,6320 w sophie ln,laveen,85339,3.0,2.0,1358,2007.0,207000,"['""zestimate"":201804']","['""rentZestimate"":1245']",single family,"['HOA Fee"",""factValue"":""$65']","2018 $1,288 +5.8% $11,550 +12.7%","$215,143 (+6.6 %)",0
97,6412 w whyman ave,phoenix,85043,4.0,2.5,2119,2001.0,190000,"['""zestimate"":236984']","['""rentZestimate"":1395']",single family,"['HOA Fee"",""factValue"":""$30']","2018 $1,276 +6.6% $16,800 +13.1%","$244,496 (+3.2 %)",0
98,2435 w jake hvn,phoenix,85085,3.0,2.5,1882,2004.0,279000,"['""zestimate"":270037']","['""rentZestimate"":1500']",single family,"['HOA Fee"",""factValue"":""$113']","2018 $2,050 +3.3% $18,170 +7.6%","$277,220 (+2.7 %)",0
99,3935 e rough rider rd unit 1075,phoenix,85050,3.0,3.0,1861,2006.0,330000,"['""zestimate"":330601']","['""rentZestimate"":1900']",townhouse,"['HOA Fee"",""factValue"":""$330']","2018 $2,577 +4.7% $24,750 -1.6%","$337,907 (+2.2 %)",0
100,3028 w chanute pass,phoenix,85041,5.0,3.0,2314,2005.0,237900,"['""zestimate"":251237']","['""rentZestimate"":1500']",single family,"['HOA Fee"",""factValue"":""$47']","2018 $2,110 +4.9% $18,660 +19.6%","$262,568 (+4.5 %)",0
101,4913 w kastler ln,new river,85087,4.0,2.5,2663,2007.0,405000,"['""zestimate"":393204']","['""rentZestimate"":2000']",single family,"['HOA Fee"",""factValue"":""$84']","2018 $2,817 +3.6% $27,900 +2.5%","$393,676 (+0.1 %)",0
102,6545 n 18th pl,phoenix,85016,3.0,4.0,1972,2005.0,399000,"['""zestimate"":378151']","['""rentZestimate"":2000']",townhouse,"['HOA Fee"",""factValue"":""$183']","2018 $2,652 +5.3% $27,620 +0.7%","$378,038 (-0.0 %)",0
103,5915 w straight arrow ln,phoenix,85083,4.0,2.5,2882,2002.0,469000,"['""zestimate"":434917']","['""rentZestimate"":2200']",single family,"['HOA Fee"",""factValue"":""$48']","2018 $3,135 +3.6% $33,030 +6.8%","$438,570 (+0.8 %)",0
104,2115 e fawn dr,phoenix,85042,4.0,2.0,2343,2000.0,350000,"['""zestimate"":333660']","['""rentZestimate"":1800']",single family,"['HOA Fee"",""factValue"":""$140']","2018 $3,523 +19.1% $24,310 +5.8%","$340,133 (+1.9 %)",0
105,3934 w paradise ln,phoenix,85053,5.0,2.5,3248,2012.0,499900,"['""zestimate"":487634']","['""rentZestimate"":2599']",single family,"['HOA Fee"",""factValue"":""$25']","2018 $4,386 +0.3% $36,050 +10.9%","+$2,171 (+0.4 %)",0
106,4929 s 5th ave,phoenix,85041,5.0,3.0,1929,2013.0,224990,"['""zestimate"":225969']","['""rentZestimate"":1435']",single family,"['HOA Fee"",""factValue"":""$43']","2018 $1,648 +4.9% $16,460 +5.4%","$232,093 (+2.7 %)",0
107,1626 e south mountain ave,phoenix,85042,4.0,2.0,1920,2000.0,289990,"['""zestimate"":282665']","['""rentZestimate"":1595']",single family,"['HOA Fee"",""factValue"":""$35']","2018 $2,208 +7.3% $21,200 +14.8%","$285,690 (+1.1 %)",0
108,1838 w pollack st,phoenix,85041,3.0,2.5,2298,2017.0,259999,"['""zestimate"":261376']",[],single family,"['HOA Fee"",""factValue"":""$115']","2018 $175 +5% $1,605 -23%","+$5,393 (+2.1 %)",0
109,3306 e maldonado dr,phoenix,85042,2.0,2.0,1439,2002.0,289900,"['""zestimate"":283965']","['""rentZestimate"":1585']",single family,"['HOA Fee"",""factValue"":""$95']","2018 $2,951 +19.1% $20,800 +5.3%","$290,127 (+2.2 %)",0
110,3907 s 101st dr,tolleson,85353,3.0,2.0,2213,2006.0,249900,"['""zestimate"":244313']","['""rentZestimate"":1425']",single family,"['HOA Fee"",""factValue"":""$64']","2018 $1,545 +6.3% $16,630 +10.8%","$252,962 (+3.5 %)",0
111,3113 e danbury rd unit 21,phoenix,85032,3.0,2.0,1353,2015.0,245000,"['""zestimate"":242141']","['""rentZestimate"":1450']",single family,"['HOA Fee"",""factValue"":""$140']","2018 $1,668 +4.3% $18,660 +13%","+$2,158 (+0.9 %)",0
112,3418 s 82nd ln,phoenix,85043,4.0,3.0,2348,2004.0,269000,"['""zestimate"":238751']","['""rentZestimate"":1450']",single family,"['HOA Fee"",""factValue"":""$67']","2018 $1,344 +6.6% $16,530 +11.8%","$246,558 (+3.3 %)",0
113,8123 w papago st,phoenix,85043,4.0,2.0,1834,2003.0,220000,"['""zestimate"":208522']","['""rentZestimate"":1250']",single family,"['HOA Fee"",""factValue"":""$40']","2018 $1,176 +6% $13,950 +12.3%","$216,008 (+3.6 %)",0
114,2250 e deer valley rd unit 2,phoenix,85024,2.0,2.0,1158,2005.0,212000,"['""zestimate"":213593']","['""rentZestimate"":1350']",townhouse,"['HOA Fee"",""factValue"":""$146']","2018 $936 +4.7% $14,130 +15.7%","$222,030 (+4.0 %)",0
115,7527 s 29th way,phoenix,85042,3.0,2.5,1439,2010.0,190000,"['""zestimate"":194575']","['""rentZestimate"":1350']",townhouse,"['HOA Fee"",""factValue"":""$235']","2018 $1,314 +7.3% $13,100 +10%","$205,919 (+5.8 %)",0
116,3150 e beardsley rd unit 1031,phoenix,85050,3.0,2.5,1361,2002.0,235000,"['""zestimate"":220001']","['""rentZestimate"":1390']",townhouse,"['HOA Fee"",""factValue"":""$210']","2018 $1,264 +4.3% $14,320 +11.6%","$228,119 (+3.7 %)",0
117,1225 n 36th st unit 2035,phoenix,85008,2.0,2.0,1206,2006.0,198900,"['""zestimate"":194267']","['""rentZestimate"":1295']",townhouse,"['HOA Fee"",""factValue"":""$200']","2018 $1,253 +4% $13,860 +23.4%","$200,250 (+3.1 %)",0
118,2241 e pinchot ave unit e13,phoenix,85016,3.0,2.5,1996,2005.0,298000,"['""zestimate"":309279']","['""rentZestimate"":1700']",townhouse,"['HOA Fee"",""factValue"":""$330']",,Unavailable,0
119,18777 n 43rd ave # 1,glendale,85308,3.0,3.0,1600,2019.0,264900,"['""zestimate"":233808']",[],single family,"['HOA Fee"",""factValue"":""$140']",,Unavailable,0
120,3914 e cat balue dr,phoenix,85050,3.0,2.5,2400,2007.0,439900,"['""zestimate"":435365']","['""rentZestimate"":2500']",townhouse,"['HOA Fee"",""factValue"":""$110']","2018 $3,984 +4.3% $32,620 -1.7%","$443,942 (+2.0 %)",0
121,2435 w fawn dr,phoenix,85041,4.0,2.0,1735,2007.0,249900,"['""zestimate"":250691']","['""rentZestimate"":1479']",single family,"['HOA Fee"",""factValue"":""$73']","2018 $2,388 +7.3% $18,960 +11.1%","$260,343 (+3.9 %)",0
122,2508 w straight arrow ln,phoenix,85085,4.0,2.5,2192,2001.0,300000,"['""zestimate"":300342']","['""rentZestimate"":1575']",single family,"['HOA Fee"",""factValue"":""$46']","2018 $1,757 +3.6% $21,180 +5.7%","$303,946 (+1.2 %)",0
123,5603 s 11th dr,phoenix,85041,4.0,2.0,1825,2003.0,164500,"['""zestimate"":220878']","['""rentZestimate"":1350']",single family,[],"2018 $1,203 +7.3% $14,380 +18.8%","$229,934 (+4.1 %)",0
124,5222 s 23rd way,phoenix,85040,3.0,3.0,2318,2007.0,275000,"['""zestimate"":283410']","['""rentZestimate"":1550']",single family,[],"2018 $2,590 +7.3% $20,730 +12.8%","$287,916 (+1.6 %)",0
125,2709 e anderson dr,phoenix,85032,3.0,2.0,1574,2002.0,304900,"['""zestimate"":288872']","['""rentZestimate"":1525']",single family,"['HOA Fee"",""factValue"":""$44']","2018 $1,449 +4.7% $17,750 +7.8%","$298,665 (+3.4 %)",0
126,1914 e siesta ln,phoenix,85024,3.0,2.0,1618,2002.0,300000,"['""zestimate"":298220']","['""rentZestimate"":1600']",single family,"['HOA Fee"",""factValue"":""$56']","2018 $2,001 +4.3% $20,170 +4.7%","$304,363 (+2.1 %)",0
127,1415 e gwen st,phoenix,85042,4.0,3.5,2664,2016.0,499000,"['""zestimate"":470270']","['""rentZestimate"":2300']",single family,"['HOA Fee"",""factValue"":""$125']","2018 $3,202 +7.3% $35,100 +45.2%","+$1,862 (+0.4 %)",0
128,3131 w casino ave,phoenix,85083,3.0,2.0,1524,2001.0,259000,"['""zestimate"":256503']","['""rentZestimate"":1495']",single family,"['HOA Fee"",""factValue"":""$50']","2018 $1,326 +3.6% $16,370 +9%","$264,121 (+3.0 %)",0
129,1738 w satinwood dr,phoenix,85045,4.0,2.0,1799,2014.0,339000,"['""zestimate"":334822']","['""rentZestimate"":1605']",single family,"['HOA Fee"",""factValue"":""$90']","2018 $2,509 +4.4% $25,210 +2.2%","+$7,922 (+2.4 %)",0
130,5836 w euclid ave,laveen,85339,4.0,3.0,2032,2012.0,259900,"['""zestimate"":251059']","['""rentZestimate"":1475']",single family,"['HOA Fee"",""factValue"":""$70']","2018 $2,120 +5.8% $16,600 +12%","$261,001 (+4.0 %)",0
131,6907 s 37th gln,phoenix,85041,5.0,3.0,2433,2004.0,239900,"['""zestimate"":241984']","['""rentZestimate"":1451']",single family,"['HOA Fee"",""factValue"":""$53']","2018 $2,042 +5.4% $16,410 +12.2%","$250,236 (+3.4 %)",0
132,8141 w hilton ave,phoenix,85043,4.0,3.0,2586,2001.0,264900,"['""zestimate"":259636']","['""rentZestimate"":1495']",single family,"['HOA Fee"",""factValue"":""$51']","2018 $1,278 +6.6% $16,400 +13.8%","$268,879 (+3.6 %)",0
133,34716 n 30th ave,phoenix,85086,3.0,2.0,1468,2004.0,210000,"['""zestimate"":218090']","['""rentZestimate"":1400']",townhouse,"['HOA Fee"",""factValue"":""$25']","2018 $1,088 +3.6% $14,660 +6.5%","$225,396 (+3.3 %)",0
134,5605 w tombstone trl,phoenix,85083,4.0,3.5,3638,2009.0,475000,"['""zestimate"":449237']","['""rentZestimate"":2300']",single family,"['HOA Fee"",""factValue"":""$73']","2018 $4,360 +3.4% $34,310 +5.1%","$450,270 (+0.2 %)",0
135,4372 e selena dr,phoenix,85050,3.0,3.0,1604,2007.0,310000,"['""zestimate"":307677']","['""rentZestimate"":1665']",single family,"['HOA Fee"",""factValue"":""$99']","2018 $1,601 +4.7% $20,200 +6.2%","$316,846 (+3.0 %)",0
136,10310 w monterosa ave,phoenix,85037,3.0,3.5,1534,2016.0,213000,"['""zestimate"":208712']","['""rentZestimate"":1325']",single family,"['HOA Fee"",""factValue"":""$75']","2018 $1,303 +7.3% $11,300 +7.4%","$213,992 (+2.5 %)",0
137,4227 w escuda dr,glendale,85308,4.0,3.0,2646,2002.0,350000,"['""zestimate"":351393']","['""rentZestimate"":1945']",single family,[],"2018 $2,198 +3.6% $25,920 +11.2%","$356,277 (+1.4 %)",0
138,10225 w camelback rd # 27,phoenix,85037,3.0,3.0,1650,2013.0,198500,"['""zestimate"":204483']","['""rentZestimate"":1395']",townhouse,"['HOA Fee"",""factValue"":""$200']",,"$214,196 (+4.8 %)",0
139,4630 w fremont rd,laveen,85339,4.0,3.0,2549,2006.0,249900,"['""zestimate"":246039']","['""rentZestimate"":1500']",single family,"['HOA Fee"",""factValue"":""$35']","2018 $2,145 +5.4% $16,870 +12%","$255,265 (+3.7 %)",0
140,34319 n 7th st,phoenix,85085,4.0,2.0,2422,2019.0,480000,"['""zestimate"":438886']","['""rentZestimate"":2485']",single family,[],,"+$27,691 (+6.7 %)",0
141,5440 w fetlock trl,phoenix,85083,4.0,2.0,1760,2010.0,339000,"['""zestimate"":328194']","['""rentZestimate"":1700']",single family,"['HOA Fee"",""factValue"":""$73']","2018 $2,023 +4.3% $23,620 +6.8%","$333,314 (+1.6 %)",0
142,7715 s 69th ln,laveen,85339,5.0,3.5,2708,2006.0,290000,"['""zestimate"":264605']","['""rentZestimate"":1500']",single family,"['HOA Fee"",""factValue"":""$50']",,-$389 (-0.1 %),0
143,"27501 N 23rd Dr,", Phoenix,['27501'],4 bd,2 ba,"2,313 sqft",2001.0,"$344,900","$342,890","$1,775/mo",Single Family,HOA fees$46/mo,"2018$2,060(+3.6%)$24,510(+4.3%)",(+2.2 %),0
144,"25050 N 47th Ln,", Phoenix,['25050'],6 bd,6.5 ba,"3,690 sqft",2011.0,"$479,900","$493,935","$2,450/mo",Single Family,HOA fees$95/mo,"2018$4,153(+3.9%)$37,430(+4.4%)",(+0.0 %),0
145,5410 s 10th ave,phoenix,85041,4.0,2.5,1926,2018.0,266900,"['""zestimate"":252864']","['""rentZestimate"":1500']",single family,[],,+$82 (+0.0 %),0
146,None,comparable homes$283,None,,,,,,"['""zestimate"":284164']",[],,"['HOA Fee"",""factValue"":""$58']",,,0
147,"15118 N 29th Pl,", Phoenix,['15118'],3 bd,2 ba,"1,676 sqft",2002.0,"$269,000","$284,164","$1,535/mo",Single Family,HOA fees$58/mo,"2018$1,256(+4.7%)$19,830(+7.2%)",(+2.2 %),0
148,"4317 E Windsong Dr,", Phoenix,[],3 bd,2.5 ba,"1,601 sqft",2000.0,"$300,000","$292,044","$1,600/mo",Single Family,HOA fees$35/mo,,(+1.3 %),0
149,"9217 W Lewis Ave,", Phoenix,[],3 bd,2 ba,"1,615 sqft",2005.0,"$219,900","$218,824","$1,315/mo",Single Family,HOA fees$46/mo,"2018$1,186(+12%)$14,280(+20.3%)",(+3.4 %),0
150,"4102 W Vineyard Rd,", Phoenix,[],4 bd,2 ba,"2,112 sqft",2002.0,"$244,900","$238,441","$1,395/mo",Single Family,HOA fees$76/mo,"2018$1,846(+5.4%)$15,820(+14.9%)",(+4.2 %),0
151,2655 e wood st,phoenix,85040,4.0,2.0,2000,2019.0,274999,"['""zestimate"":213788']",[],single family,[],"2018 $310 +4.9% $2,535 +29%",Unavailable,0
152,"18250 N Cave Creek Rd UNIT 149,", Phoenix,['18250'],2 bd,3 ba,"1,440 sqft",2005.0,"$175,000","$182,644","$1,295/mo",Condo,HOA fees$210/mo,"2018$1,042(+4.3%)$12,280(+13.6%)",(+5.0 %),0
153,"2214 E Wayland Dr,", Phoenix,[],4 bd,2.5 ba,"1,941 sqft",2007.0,"$260,000","$249,960","$1,450/mo",Single Family,HOA fees$134/mo,"2018$2,161(+7.3%)$17,720(+12%)",(+3.0 %),0
154,2354 w sierra vista dr,phoenix,85015,4.0,2.0,1836,2019.0,319900,"['""zestimate"":235824']",[],single family,"['HOA Fee"",""factValue"":""$75']",,Unavailable,0
155,"5121 W Fulton St,", Phoenix,[],2 bd,2 ba,"1,184 sqft",2005.0,"$167,000","$170,569","$1,199/mo",Single Family,HOA fees$82/mo,"2018$770(+7%)$9,760(+14.4%)",(+4.9 %),0
156,"1810 E Ellis St,", Phoenix,[],3 bd,2 ba,"1,523 sqft",2002.0,"$234,990","$232,555","$1,395/mo",Single Family,HOA fees$140/mo,"2018$1,749(+7.3%)$16,720(+10.1%)",(+3.6 %),0
157,"9426 W Raymond St,", Tolleson,[],6 bd,3 ba,"2,713 sqft",2006.0,"$275,000","$278,845","$1,500/mo",Single Family,HOA fees$54/mo,"2018$1,506(+8.5%)$19,430(+24.2%)",(+2.9 %),0
158,"4607 W Magdalena Ln,", Laveen,[],4 bd,2 ba,"1,931 sqft",2004.0,"$285,000","$258,144","$1,475/mo",Single Family,HOA fees$86/mo,"2018$1,910(+5.8%)$17,810(+14.1%)",(+4.2 %),0
159,"18416 N Cave Creek Rd APT 3039,", Phoenix,['18416'],2 bd,2 ba,948 sqft,2005.0,"$142,500","$140,237","$1,075/mo",Condo,HOA fees$225/mo,"2018$812(+4.3%)$8,810(+9.7%)",(+6.2 %),0
160,"8118 S 2nd Dr,", Phoenix,[],4 bd,2.5 ba,"1,870 sqft",2014.0,"$229,000","$231,508","$1,360/mo",Single Family,HOA fees$60/mo,"2018$1,847(+7.3%)$14,900(+6.7%)",(+1.3 %),0
161,"4014 W Saint Anne Ave,", Phoenix,[],5 bd,3 ba,"3,683 sqft",2004.0,"$320,000","$308,757","$1,650/mo",Single Family,HOA fees$75/mo,"2018$2,430(+5.8%)$21,160(+11%)",(+0.4 %),0
162,"25226 N 40th Ave,", Phoenix,['25226'],3 bd,2 ba,"1,567 sqft",2000.0,"$290,000","$286,199","$1,500/mo",Single Family,HOA fees$64/mo,"2018$1,693(+3.6%)$19,850(+11.1%)",(+2.0 %),0
163,None,None,None,,,,,,[],[],,[],,Unavailable,0
164,"9926 W Bloch Rd,", Tolleson,[],3 bd,2.5 ba,"2,129 sqft",2007.0,"$228,500","$232,823","$1,350/mo",Single Family,HOA fees$41/mo,"2018$1,544(+5.8%)$15,050(+11.5%)",(+2.9 %),0
165,"2648 N 73rd Gln,", Phoenix,[],3 bd,3 ba,"1,563 sqft",2015.0,"$210,000","$197,180","$1,350/mo",Single Family,HOA fees$109/mo,"2018$2,067(+4.9%)$13,510(+5.3%)",(+0.5 %),0
166,5520 s 10th ave,phoenix,85041,4.0,2.5,1926,2019.0,266900,"['""zestimate"":232216']",[],single family,[],,Unavailable,0
167,2407 e pueblo ave,phoenix,85040,4.0,2.0,2000,2019.0,274999,"['""zestimate"":228411']","['""rentZestimate"":1500']",single family,[],"2018 $293 +4.9% $2,385 +28.2%","-$4,936 (-2.1 %)",0
168,"monterey plan five plan, monterey ridge",phoenix,85054,,,,,424900,"['""zestimate"":426481']","['""rentZestimate"":2011']",daily 10 am - 5:30 pm and sunday 11:30 - 5:30,"['HOA Fee"",""factValue"":""$281']",,"+$3,568 (+0.8 %)",0
169,"34108 N 26th Ave,", Phoenix,['34108'],3 bd,2 ba,"1,589 sqft",2004.0,"$280,000","$277,265","$1,500/mo",Single Family,HOA fees$46/mo,"2018$1,784(+3.6%)$18,780(+7.6%)",(+1.4 %),0
170,7416 s 26th ln,phoenix,85041,4.0,3.0,3399,2005.0,350000,"['""zestimate"":326325']","['""rentZestimate"":1750']",single family,"['HOA Fee"",""factValue"":""$70']","2018 $2,521 +7.3% $21,450 +8.8%","$333,863 (+2.3 %)",0
171,,phoenix,85085,3.0,2.0,1504,2002.0,285000,"['""zestimate"":280017']","['""rentZestimate"":1499']",single family,"['HOA Fee"",""factValue"":""$46']","2018 $1,581 +3.6% $19,050 +5.7%","$286,681 (+2.4 %)",0
172,,laveen,85339,3.0,2.5,1275,2007.0,190000,"['""zestimate"":192239']","['""rentZestimate"":1225']",single family,"['HOA Fee"",""factValue"":""$62']","2018 $1,284 +5.4% $10,530 +10.6%","$204,004 (+6.1 %)",0
173,,laveen,85339,4.0,3.0,3105,2006.0,298000,"['""zestimate"":282127']","['""rentZestimate"":1550']",single family,"['HOA Fee"",""factValue"":""$57']","2018 $2,378 +5.8% $19,460 +11.4%","$286,895 (+1.7 %)",0
174,,tolleson,85353,4.0,2.0,1889,2007.0,224900,"['""zestimate"":226878']","['""rentZestimate"":1350']",single family,"['HOA Fee"",""factValue"":""$67']","2018 $1,380 +6.3% $14,980 +12.1%","$236,566 (+4.3 %)",0
175,,phoenix,85041,3.0,2.0,1493,2009.0,218500,"['""zestimate"":212350']","['""rentZestimate"":1325']",single family,"['HOA Fee"",""factValue"":""$55']","2018 $1,619 +17% $13,380 +14.1%","$219,634 (+3.4 %)",0
176,,phoenix,85027,,,,,164900,"['""zestimate"":317966']","['""rentZestimate"":1650']",sunday and monday by appointmenttuesday ? friday 10am ? 6pmsaturday 9am ? 6pm,[],,"-$21,537 (-6.3 %)",0
177,,phoenix,85086,3.0,2.0,1187,2004.0,205000,"['""zestimate"":205551']","['""rentZestimate"":1350']",townhouse,"['HOA Fee"",""factValue"":""$136']","2018 $1,126 +3.4% $13,210 +5.1%","$215,787 (+5.0 %)",0
178,,laveen,85339,3.0,3.0,2109,2015.0,270000,"['""zestimate"":308940']","['""rentZestimate"":1625']",single family,"['HOA Fee"",""factValue"":""$70']","2018 $2,977 +5.8% $22,500 +3.7%","+$2,089 (+0.7 %)",0
179,,phoenix,85042,4.0,2.0,2343,2001.0,328900,"['""zestimate"":311969']","['""rentZestimate"":1895']",single family,"['HOA Fee"",""factValue"":""$140']","2018 $3,130 +7.3% $23,860 +6.4%","$319,300 (+2.3 %)",0
180,,phoenix,85083,4.0,3.0,2595,2006.0,499000,"['""zestimate"":441467']","['""rentZestimate"":2395']",single family,"['HOA Fee"",""factValue"":""$73']","2018 $3,211 +3.6% $33,610 +4.8%","+$2,991 (+0.7 %)",0
181,,phoenix,85037,6.0,3.0,4040,2004.0,334900,"['""zestimate"":330132']","['""rentZestimate"":1700']",single family,"['HOA Fee"",""factValue"":""$55']","2018 $2,066 +12% $21,070 +13.8%","$333,896 (+1.1 %)",0
182,,phoenix,85085,3.0,3.0,1479,2015.0,250000,"['""zestimate"":247535']","['""rentZestimate"":1450']",condo,"['HOA Fee"",""factValue"":""$170']","2018 $1,236 +3.6% $15,750 +11.9%",+$76 (+0.0 %),0
183,,phoenix,85041,4.0,2.0,2484,2004.0,279900,"['""zestimate"":260128']","['""rentZestimate"":1500']",single family,"['HOA Fee"",""factValue"":""$66']","2018 $2,222 +4.9% $19,380 +13.3%","$264,212 (+1.6 %)",0
184,,laveen,85339,3.0,2.0,1266,2005.0,190000,"['""zestimate"":194933']","['""rentZestimate"":1250']",single family,"['HOA Fee"",""factValue"":""$66']","2018 $1,370 +5.8% $11,980 +3.9%","$201,814 (+3.5 %)",0
185,,phoenix,85083,3.0,2.0,2447,2003.0,365000,"['""zestimate"":360447']","['""rentZestimate"":1850']",single family,"['HOA Fee"",""factValue"":""$48']","2018 $2,334 +3.6% $26,430 +6.5%","$369,891 (+2.6 %)",0
186,,phoenix,85050,3.0,2.5,2273,2007.0,399500,"['""zestimate"":396911']","['""rentZestimate"":2500']",townhouse,"['HOA Fee"",""factValue"":""$31']","2018 $3,185 +4.6% $29,160 -4.4%","$399,888 (+0.8 %)",0
187,,laveen,85339,3.0,2.0,1595,2006.0,229900,"['""zestimate"":218312']","['""rentZestimate"":1322']",single family,"['HOA Fee"",""factValue"":""$63']","2018 $1,493 +5.8% $13,920 +14.9%","$226,608 (+3.8 %)",0
188,,glendale,85308,3.0,2.5,1540,2007.0,240000,"['""zestimate"":236384']","['""rentZestimate"":1395']",single family,"['HOA Fee"",""factValue"":""$93']","2018 $1,246 +3.4% $16,580 +14.7%","$242,175 (+2.4 %)",0
189,,phoenix,85331,,,,,349990,"['""zestimate"":398805']",[],m: 2:00 pm-6:00 pm; tu: 10:00 am-6:00 pm; w: 10:00 am-6:00 pm; th: 10:00 am-6:00 pm; f: 10:00 am-6:00 pm; sa: 10:00 am-6:00 pm; su: 10:00 am-6:00 pm;,[],,Unavailable,0
190,,phoenix,85083,3.0,3.0,2489,2000.0,473900,"['""zestimate"":508755']","['""rentZestimate"":2000']",single family,"['HOA Fee"",""factValue"":""$64']","2018 $2,905 +3.6% $30,930 +13.8%","+$109,701 (+27.5 %)",0
191,,phoenix,85085,3.0,2.0,2174,2006.0,349000,"['""zestimate"":353704']","['""rentZestimate"":1850']",single family,"['HOA Fee"",""factValue"":""$60']","2018 $2,297 +3.6% $25,970 +9.3%","$361,556 (+2.2 %)",0
192,,phoenix,85042,5.0,2.5,3079,2002.0,309900,"['""zestimate"":317195']","['""rentZestimate"":1895']",single family,"['HOA Fee"",""factValue"":""$100']","2018 $3,244 +7.3% $25,770 +2.9%","$320,272 (+1.0 %)",0
193,,phoenix,85028,3.0,2.5,2003,2019.0,367900,"['""zestimate"":392345']","['""rentZestimate"":1995']",single family,"['HOA Fee"",""factValue"":""$245']",,Unavailable,0
194,"2124 W Hunter Ct UNIT 239,", Phoenix,['85085'],3 bd,2 ba,"1,575 sqft",2007.0,"$289,000","$262,135","$1,500/mo",Townhouse,HOA fees$130/mo,"2018$1,839(+3.4%)$19,150(+4.2%)",(+3.0 %),0
195,"1911 N 78th Dr,", Phoenix,['85035'],2 bd,2.5 ba,"1,383 sqft",2007.0,"$178,900","$181,222","$1,250/mo",Single Family,HOA fees$137/mo,"2018$1,344(+14.5%)$12,750(+10.3%)",(+4.7 %),0
196,,laveen,85339,4.0,3.0,3066,2019.0,464990,"['""zestimate"":561475']",[],single family,"['HOA Fee"",""factValue"":""$88']","2018 $914 +5.4% $16,950 +12.8%",Unavailable,0
197,,laveen,85339,3.0,2.0,1358,2007.0,195000,"['""zestimate"":201620']","['""rentZestimate"":1239']",single family,"['HOA Fee"",""factValue"":""$62']","2018 $1,426 +5.4% $11,570 +12.9%","$214,241 (+6.3 %)",0
198,"3122 W Eagle Claw Dr,", Phoenix,['85086'],3 bd,2 ba,"2,482 sqft",2002.0,"$359,900","$352,087","$1,895/mo",Single Family,HOA fees$51/mo,"2018$2,829(+3.4%)$24,570(+4.7%)",(+1.2 %),0
199,,phoenix,85041,3.0,2.5,2396,2019.0,350800,"['""zestimate"":274482']",[],single family,"['HOA Fee"",""factValue"":""$119']",,Unavailable,0
200,,phoenix,85006,3.0,2.0,1444,2007.0,345000,"['""zestimate"":337264']","['""rentZestimate"":1992']",townhouse,"['HOA Fee"",""factValue"":""$230']","2018 $3,146 +3.7% $26,760 +8%","$344,886 (+2.3 %)",0
201,"2404 W Roeser Rd,", Phoenix,['85041'],4 bd,2 ba,"1,900 sqft",2005.0,"$209,950",,,Single Family,,,,0
202,"8433 S 20th St,", Phoenix,['85042'],3 bd,2 ba,"1,210 sqft",2001.0,"$234,990","$205,688","$1,350/mo",Single Family,HOA fees$65/mo,"2018$1,486(+7.3%)$14,420(+10.8%)",(+4.0 %),0
203,"4313 W Summerside Rd,", Laveen,['85339'],5 bd,3 ba,"3,085 sqft",2005.0,"$325,000",,,Single Family,,,,0
204,"2221 E Union Hills Dr UNIT 146,", Phoenix,['85024'],2 bd,2 ba,970 sqft,2000.0,"$218,000","$208,899","$1,250/mo",Townhouse,HOA fees$72/mo,"2018$1,008(+4.7%)$12,900(+18%)",(+3.8 %),0
205,,phoenix,85014,4.0,2.75,1994,2018.0,500000,"['""zestimate"":414556']","['""rentZestimate"":1800']",single family,[],"2018 $597 +8.9% $7,845 +110%","+$5,489 (+1.3 %)",0
206,"1304 E Dunbar Dr,", Phoenix,['85042'],3 bd,2.5 ba,"1,947 sqft",2003.0,"$239,000",,,Single Family,,,,0
207,"22039 N 30th Ln,", Phoenix,['85027'],3 bd,2.5 ba,"1,520 sqft",2001.0,"$218,000","$219,100","$1,300/mo",Single Family,HOA fees$89/mo,"2018$1,360(+3.3%)$13,560(+11.9%)",(+2.8 %),0
208,"4924 N 108th Dr,", Phoenix,['85037'],3 bd,2.5 ba,"1,902 sqft",2009.0,"$245,000","$229,486","$1,400/mo",Single Family,HOA fees$50/mo,"2018$1,914(+7.3%)$14,300(+7.4%)",(+2.7 %),0
209,"20917 N 39th Way,", Phoenix,['85050'],4 bd,2.5 ba,"2,041 sqft",2001.0,"$369,900","$390,099","$2,000/mo",Single Family,HOA fees$40/mo,"2018$2,651(+4.7%)$27,180(+2.9%)",(+0.1 %),0
210,"3121 S 90th Ave,", Tolleson,['85353'],3 bd,2 ba,"2,169 sqft",2006.0,"$248,000","$240,929","$1,395/mo",Single Family,HOA fees$69/mo,"2018$1,333(+8.5%)$16,080(+10.7%)",(+3.6 %),0
211,"4605 W Fawn Dr,", Laveen,['85339'],4 bd,2 ba,"1,763 sqft",2004.0,"$229,900","$222,335","$1,350/mo",Single Family,HOA fees$68/mo,"2018$1,709(+5.4%)$14,560(+13.7%)",(+4.2 %),0
212,"3935 E Rough Rider Rd UNIT 1323,", Phoenix,['85050'],2 bd,2.5 ba,"1,491 sqft",2016.0,"$359,000","$344,058","$1,550/mo",Townhouse,HOA fees$330/mo,"2018$1,843(+4.7%)$22,020(+4.1%)",(+9.5 %),0
213,"4330 W Fremont Rd,", Laveen,['85339'],4 bd,2.5 ba,"1,723 sqft",2003.0,"$225,000","$219,152","$1,350/mo",Single Family,HOA fees$63/mo,"2018$1,650(+5.4%)$14,220(+15.1%)",(+4.1 %),0
214,,phoenix,85086,4.0,3.0,1941,2004.0,,"['""zestimate"":308578']","['""rentZestimate"":1600']",single family,[],"2018 $2,117 +3.6% $22,030 +5.7%","$314,348 (+1.9 %)",0
215,"5429 W Sunland Ave,", Laveen,['85339'],4 bd,3 ba,"3,024 sqft",2006.0,"$319,000",,,Single Family,,,,0
216,"9311 N 3rd Dr,", Phoenix,['85021'],3 bd,2 ba,"1,575 sqft",2003.0,"$305,000","$299,349","$1,560/mo",Single Family,HOA fees$0/mo,"2018$1,183(+0.3%)$19,760(+4%)",(+3.7 %),0
217,"2708 E Southgate Ave APT 2,", Phoenix,['85040'],4 bd,2 ba,"1,232 sqft",2007.0,"$198,000","$198,895","$1,250/mo",Single Family,HOA fees$0/mo,"2018$816(+7.3%)$10,010(+23.1%)",(+6.5 %),0
218,"4638 W Shumway Farm Rd,", Laveen,['85339'],4 bd,2 ba,"1,863 sqft",2007.0,"$229,999","$224,669","$1,395/mo",Single Family,HOA fees$105/mo,"2018$1,971(+5.8%)$15,070(+13.2%)",(+4.0 %),0
219,"2038 N 77th Dr,", Phoenix,['85035'],3 bd,3.5 ba,"1,383 sqft",2016.0,"$189,900",,,Single Family,,,,0
220,"2101 E Beautiful Ln,", Phoenix,['85042'],4 bd,2 ba,"2,343 sqft",2000.0,"$349,900","$338,148","$1,800/mo",Single Family,HOA fees$140/mo,"2018$3,323(+7.3%)$25,280(+5.9%)",(+2.0 %),0
221,"540 W Mariposa St APT 6,", Phoenix,['85013'],2 bd,3 ba,"1,651 sqft",2016.0,"$435,000","$468,690","$2,261/mo",Townhouse,HOA fees$199/mo,,(+0.9 %),0
222,"34943 N 30th Ave,", Phoenix,['85086'],3 bd,3 ba,"1,566 sqft",2004.0,"$214,700","$217,754","$1,400/mo",Townhouse,HOA fees$136/mo,"2018$1,154(+3.6%)$15,520(+4.5%)",(+3.4 %),0
223,"2056 E Heartwood Ln,", Phoenix,['85022'],4 bd,3 ba,"1,945 sqft",2016.0,"$299,000","$298,540","$1,770/mo",Single Family,HOA fees$229/mo,"2018$1,640(+22.5%)$24,630(+6.9%)",(+0.6 %),0
224,"16865 S 30th Ave,", Phoenix,['85045'],3 bd,2 ba,"1,628 sqft",2003.0,"$294,000","$287,662","$1,595/mo",Single Family,HOA fees$34/mo,"2018$1,941(+4.8%)$19,510(+4.4%)",(+2.0 %),0
225,,phoenix,85042,3.0,2.0,1670,2000.0,294900,"['""zestimate"":286604']","['""rentZestimate"":1600']",single family,"['HOA Fee"",""factValue"":""$95']","2018 $2,816 +4.9% $20,480 +5.3%","$293,110 (+2.3 %)",0
226,"16914 N 50th Way,", Scottsdale,['85254'],3 bd,3 ba,"2,293 sqft",2002.0,"$450,000","$439,368","$2,200/mo",Single Family,HOA fees$102/mo,"2018$2,843(+4.7%)$31,450(+2.9%)",(+4.1 %),0
227,"4010 E Paradise Ln,", Phoenix,['85032'],4 bd,2.5 ba,"3,197 sqft",2000.0,"$497,000","$494,546","$2,450/mo",Single Family,HOA fees$0/mo,"2018$3,403(+4.3%)$33,280(-0.4%)",,0
228,"5001 E Roy Rogers Rd,", Cave Creek,['85331'],3 bd,2 ba,"1,656 sqft",2000.0,"$348,900","$337,334","$1,599/mo",Single Family,HOA fees$25/mo,"2018$1,380(+3.8%)$22,090(+5.2%)",(+1.3 %),0
229,"1014 E Milada Dr,", Phoenix,['85042'],3 bd,2 ba,"1,465 sqft",2001.0,"$247,000","$236,078","$1,395/mo",Single Family,HOA fees$110/mo,"2018$1,720(+7.3%)$15,270(+6.6%)",(+3.4 %),0
230,,phoenix,85042,,,,,438500,"['""zestimate"":470396']","['""rentZestimate"":2395']",open daily 10am to 6pm;friday 1pm to 6pm,[],,Unavailable,0
231,"26915 N Gidiyup Trl,", Phoenix,['85085'],4 bd,3 ba,"2,903 sqft",2008.0,"$484,990","$475,171","$2,500/mo",Single Family,HOA fees$60/mo,"2018$3,418(+3.6%)$36,550(+6.9%)",(+0.9 %),0
232,"8320 W Cordes Rd,", Tolleson,['85353'],3 bd,2.5 ba,"2,145 sqft",2005.0,"$224,999","$229,233","$1,350/mo",Single Family,HOA fees$59/mo,"2018$1,251(+8.5%)$15,050(+12.7%)",(+3.2 %),0
233,"7752 W Granada Rd,", Phoenix,['85035'],3 bd,2.5 ba,"1,486 sqft",2013.0,"$194,900","$197,006","$1,340/mo",Single Family,HOA fees$139/mo,"2018$1,890(+4.9%)$14,130(+6.6%)",(+0.7 %),0
234,"2049 W Gloria Ln,", Phoenix,['85085'],4 bd,3 ba,"3,663 sqft",2005.0,"$399,000","$422,635","$2,200/mo",Single Family,HOA fees$80/mo,"2018$3,394(+3.6%)$32,800(+5.1%)",(+1.9 %),0
235,"1713 E Beautiful Ln,", Phoenix,['85042'],4 bd,2.5 ba,"2,093 sqft",2003.0,"$299,000","$295,370","$1,550/mo",Single Family,HOA fees$113/mo,"2018$2,910(+4.9%)$20,410(+13.5%)",(+1.2 %),0
236,"8421 S 50th Ln,", Laveen,['85339'],4 bd,2.5 ba,"2,182 sqft",2005.0,"$268,000","$261,782","$1,475/mo",Single Family,HOA fees$68/mo,"2018$1,938(+5.8%)$17,200(+14.9%)",(+4.1 %),0
237,"23924 N 23rd Pl,", Phoenix,['85024'],4 bd,3 ba,"3,208 sqft",2011.0,"$497,850","$497,569","$2,500/mo",Single Family,HOA fees$85/mo,"2018$3,816(+5%)$37,220(+2.6%)",(+0.3 %),0
238,"7920 S 24th Dr,", Phoenix,['85041'],3 bd,2 ba,"1,724 sqft",2009.0,"$249,900","$240,883","$1,430/mo",Single Family,HOA fees$73/mo,"2018$2,334(+7.3%)$18,180(+10.9%)",(+4.0 %),0
239,"4757 E Amber Sun Dr,", Cave Creek,['85331'],5 bd,3 ba,"2,230 sqft",2004.0,"$375,000","$374,810","$1,900/mo",Single Family,HOA fees$63/mo,"2018$1,726(+3.8%)$26,430(+4%)",(+0.3 %),0
240,"2150 E Bell Rd UNIT 1005,", Phoenix,['85022'],2 bd,2 ba,"1,158 sqft",2005.0,"$179,900","$180,562","$1,211/mo",Townhouse,HOA fees$116/mo,"2018$906(+4.3%)$12,000(+15.1%)",(+6.0 %),0
241,,phoenix,85027,,,,,231900,"['""zestimate"":314924']","['""rentZestimate"":1660']",sunday and monday by appointmenttuesday ? friday 10am ? 6pmsaturday 9am ? 6pm,[],,"-$15,016 (-4.6 %)",0
242,"2754 E Yale St,", Phoenix,['85008'],4 bd,2.5 ba,"2,132 sqft",2017.0,"$480,000","$511,819","$1,700/mo",Single Family,HOA fees$105/mo,"2017$3,516--$1,799--",(+0.7 %),0
243,,phoenix,85085,,,,,,"['""zestimate"":329048']","['""rentZestimate"":1555']",sun-thu 10am-6pm; fri 1pm-6pm; sat 10am-6pm,[],,+$937 (+0.3 %),0
244,"8174 W Colcord Canyon Rd,", Phoenix,['85043'],2 bd,2 ba,"1,227 sqft",2010.0,"$155,000","$141,822","$1,166/mo",Townhouse,HOA fees$175/mo,,,0
245,,phoenix,85085,,,,,299990,"['""zestimate"":298787']","['""rentZestimate"":1535']",saturday - thursday 10am-6pm; friday 1-6pm,[],,-$982 (-0.3 %),0
246,"2423 W Dusty Wren Dr,", Phoenix,['85085'],4 bd,3 ba,"2,274 sqft",2005.0,"$319,900","$307,182","$1,500/mo",Single Family,HOA fees$79/mo,"2018$1,994(+3.6%)$20,680(+7.1%)",(+1.5 %),0
247,,phoenix,85086,3.0,2.0,2126,2002.0,352000,"['""zestimate"":356852']","['""rentZestimate"":1900']",single family,"['HOA Fee"",""factValue"":""$101']","2018 $2,529 +3.6% $25,850 +5.4%","$362,169 (+1.5 %)",0
248,"9005 S 55th Dr,", Laveen,['85339'],4 bd,2.5 ba,"2,357 sqft",2017.0,"$326,000",,,Single Family,HOA fees$70/mo,"2018$3,102(+868.8%)$5,145(+8.5%)",,0
249,"2511 W Bent Tree Dr,", Phoenix,['85085'],4 bd,2.5 ba,"2,232 sqft",2005.0,"$309,000","$310,104","$1,690/mo",Single Family,HOA fees$50/mo,"2018$2,533(+38.2%)$22,480(+4.7%)",(+2.0 %),0
250,"1024 E Frye Rd UNIT 1051,", Phoenix,['85048'],2 bd,2.5 ba,"1,469 sqft",2000.0,"$230,000","$240,349","$1,475/mo",Townhouse,HOA fees$245/mo,,(+1.1 %),0
251,"7920 S 41st Ln,", Laveen,['85339'],6 bd,3.5 ba,"3,288 sqft",2015.0,"$330,000","$327,729","$1,695/mo",Single Family,HOA fees$96/mo,"2018$3,427(+5.8%)$25,210(+0.9%)",(+0.8 %),0
252,,phoenix,85043,4.0,2.5,3036,2018.0,339994,"['""zestimate"":282362']",[],single family,"['HOA Fee"",""factValue"":""$19']","2018 $252 +6% $4,140 +12.2%",Unavailable,0
253,"18250 N 32nd St UNIT 1049,", Phoenix,['85032'],2 bd,2 ba,"1,209 sqft",2005.0,"$195,000","$193,332","$1,350/mo",Townhouse,HOA fees$140/mo,"2018$905(+4.7%)$12,580(+14.3%)",(+5.6 %),0
254,,phoenix,85085,,,,,295990,"['""zestimate"":292232']","['""rentZestimate"":1529']",saturday - thursday 10am-6pm; friday 1-6pm,[],,-$622 (-0.2 %),0
255,,laveen,85339,4.0,2.0,1611,2003.0,,"['""zestimate"":213848']","['""rentZestimate"":1349']",single family,"['HOA Fee"",""factValue"":""$60']","2018 $1,412 +5.8% $13,570 +14.9%","$221,525 (+3.6 %)",0
256,"22215 N 31st Ave,", Phoenix,['85027'],3 bd,2 ba,"1,750 sqft",2017.0,"$279,900","$265,258","$1,250/mo",Single Family,HOA fees$0/mo,"2018$263(+3.4%)$2,360(-42.3%)",,0
257,,phoenix,85048,3.0,2.5,1703,2014.0,368000,"['""zestimate"":376142']","['""rentZestimate"":1850']",single family,"['HOA Fee"",""factValue"":""$220']","2018 $2,322 +4.8% $26,780 +1.9%","+$25,165 (+7.2 %)",0
258,,phoenix,85083,5.0,4.0,4070,2009.0,489900,"['""zestimate"":481429']","['""rentZestimate"":2395']",single family,"['HOA Fee"",""factValue"":""$73']","2018 $3,989 +3.9% $35,920 +4.8%","$480,948 (-0.1 %)",0
259,,phoenix,85085,,,,,,"['""zestimate"":478928']","['""rentZestimate"":2500']",sun-thu 10am-6pm; fri 1pm-6pm; sat 10am-6pm,[],,Unavailable,0
260,"2442 W Running Deer Trl,", Phoenix,['85085'],3 bd,2 ba,"1,522 sqft",2001.0,"$297,900","$285,859","$1,500/mo",Single Family,HOA fees$46/mo,"2018$1,444(+3.6%)$18,000(+6.4%)",(+2.6 %),0
261,,tolleson,85353,4.0,2.0,1712,2004.0,,"['""zestimate"":211355']","['""rentZestimate"":1299']",single family,"['HOA Fee"",""factValue"":""$47']","2018 $1,070 +8.5% $13,500 +11.8%","$219,260 (+3.7 %)",0
262,"324 W Culver St UNIT 5,", Phoenix,['85003'],3 bd,2.5 ba,"1,518 sqft",2000.0,"$337,000",,,Townhouse,,,,0
263,,phoenix,85042,3.0,3.0,1907,2003.0,,"['""zestimate"":253608']","['""rentZestimate"":1500']",single family,[],"2018 $2,183 +7.3% $18,870 +9.2%","$260,379 (+2.7 %)",0
264,"3320 E Briarwood Ter,", Phoenix,['85048'],4 bd,4 ba,"3,110 sqft",2005.0,"$454,900",,,Single Family,,,,0
265,"9026 W Globe Ave,", Tolleson,['85353'],3 bd,2.5 ba,"2,228 sqft",2012.0,"$266,000","$256,000","$1,515/mo",Single Family,HOA fees$69/mo,"2018$2,083(+8.5%)$18,600(+1.3%)",(+1.9 %),0
266,,phoenix,85016,,,,,399900,"['""zestimate"":409590']","['""rentZestimate"":2100']",m: 10:00 am-5:00 pm; tu: 10:00 am-5:00 pm; w: 10:00 am-5:00 pm; th: 10:00 am-5:00 pm; f: 10:00 am-5:00 pm; sa: 10:00 am-5:00 pm; su: 10:00 am-5:00 pm;,[],,"+$17,892 (+4.6 %)",0
267,"4848 W Dunbar Dr,", Laveen,['85339'],4 bd,3 ba,"2,020 sqft",2008.0,"$224,900","$248,334","$1,380/mo",Single Family,HOA fees$169/mo,"2018$2,245(+5.8%)$16,800(+15.5%)",(+4.8 %),0
268,"27325 N Gidiyup Trl,", Phoenix,['85085'],4 bd,3 ba,"3,502 sqft",2006.0,"$499,000","$496,390","$2,470/mo",Single Family,HOA fees$60/mo,"2018$4,169(+3.4%)$38,530(+6.6%)",(+1.5 %),0
269,"42123 N 46th Ln,", Phoenix,['85086'],4 bd,3 ba,"3,097 sqft",2006.0,"$360,000","$360,649","$1,950/mo",Single Family,HOA fees$68/mo,"2018$2,803(+21.1%)$25,370(+5.8%)",(+2.4 %),0
270,"2009 W Caleb Rd,", Phoenix,['85085'],4 bd,2 ba,"2,282 sqft",2006.0,"$359,950","$354,800","$1,850/mo",Single Family,HOA fees$46/mo,"2018$2,253(+3.6%)$26,150(+5%)",(+2.0 %),0
271,"3130 E Beautiful Ln,", Phoenix,['85042'],4 bd,3.5 ba,"3,521 sqft",2011.0,"$499,900","$497,737","$2,995/mo",Single Family,HOA fees$152/mo,"2018$6,206(+8.6%)$37,300(+7.5%)",,0
272,"8232 S 6th Ln,", Phoenix,['85041'],3 bd,2 ba,"1,243 sqft",2015.0,"$228,000","$193,094","$1,300/mo",Single Family,HOA fees$85/mo,"2018$1,429(+7.3%)$11,830(+11.1%)",(+1.3 %),0
273,"5533 W Maldonado Rd,", Laveen,['85339'],3 bd,2 ba,"2,354 sqft",2004.0,"$294,999","$275,083","$1,595/mo",Single Family,HOA fees$68/mo,"2018$1,700(+7.3%)$18,080(+3.4%)",(+2.8 %),0
274,"16825 N 14th St UNIT 91,", Phoenix,['85022'],2 bd,2.5 ba,"1,144 sqft",2007.0,"$195,000","$192,613","$1,250/mo",Townhouse,HOA fees$148/mo,"2018$847(+4.7%)$12,110(+9.3%)",(+5.1 %),0
275,"15508 N 47th Pl,", Phoenix,['85032'],4 bd,3 ba,"2,673 sqft",2014.0,"$474,900","$471,578","$2,500/mo",Single Family,HOA fees$90/mo,"2018$3,135(+4.7%)$35,780(+4.7%)",(+0.2 %),0
276,"8206 S 23rd Pl,", Phoenix,['85042'],4 bd,2 ba,"1,672 sqft",2005.0,"$269,000","$258,528","$1,500/mo",Single Family,HOA fees$0/mo,"2018$1,900(+7.3%)$17,770(+12.6%)",(+4.0 %),0
277,"2427 W Sagebrush Dr,", Phoenix,['85085'],6 bd,3 ba,"3,305 sqft",2004.0,"$435,000",,,Single Family,,,,0
278,"1528 W Calle Escuda,", Phoenix,['85085'],5 bd,3 ba,"4,016 sqft",2006.0,"$499,900","$503,549","$2,500/mo",Single Family,HOA fees$167/mo,"2018$4,878(+18.4%)$39,260(+4.4%)",(+0.9 %),0
279,"2228 W Alta Vista Rd,", Phoenix,['85041'],4 bd,2 ba,"1,684 sqft",2004.0,"$245,000","$229,729","$1,333/mo",Single Family,HOA fees$39/mo,"2018$1,529(+7.3%)$15,400(+16%)",(+4.0 %),0
280,,phoenix,85012,2.0,2.0,1112,2018.0,463500,"['""zestimate"":285017']",[],condo,"['HOA Fee"",""factValue"":""$381']",,Unavailable,0
281,"907 W Pima St,", Phoenix,['85007'],3 bd,2 ba,"1,489 sqft",2009.0,"$230,000","$202,362","$1,250/mo",Single Family,HOA fees$0/mo,"2018$712(+3.7%)$10,500(+21.4%)",(+6.5 %),0
282,,laveen,85339,3.0,2.5,1701,2017.0,249000,"['""zestimate"":222296']","['""rentZestimate"":1459']",single family,"['HOA Fee"",""factValue"":""$98']","2018 $2,170 +1202% $3,810 +19.2%","-$5,827 (-2.6 %)",0
283,"4624 W Hasan Dr,", Laveen,['85339'],3 bd,2 ba,"2,332 sqft",2005.0,"$279,000","$274,636","$1,580/mo",Single Family,HOA fees$45/mo,"2018$2,122(+5.8%)$18,820(+12.2%)",(+3.6 %),0
284,"3228 W Cavedale Dr,", Phoenix,['85083'],4 bd,3 ba,"2,874 sqft",2002.0,"$359,000","$356,921","$1,900/mo",Single Family,HOA fees$40/mo,"2018$2,176(+3.6%)$25,000(+7.9%)",(+1.3 %),0
285,"7218 W Whyman Ave,", Phoenix,['85043'],3 bd,2 ba,"1,392 sqft",2001.0,"$199,000",,,Single Family,,,,0
286,"9511 W Miami St,", Tolleson,['85353'],4 bd,2 ba,"2,479 sqft",2004.0,"$248,000","$244,402","$1,463/mo",Single Family,HOA fees$51/mo,"2018$1,538(+7.7%)$16,120(+11.3%)",(+3.0 %),0
287,"9324 S 33rd Dr,", Laveen,['85339'],3 bd,3 ba,"1,810 sqft",2012.0,"$229,000","$230,728","$1,450/mo",Single Family,HOA fees$115/mo,"2018$2,099(+7.3%)$16,510(+8%)",(+3.2 %),0
288,"4024 W Salter Dr,", Glendale,['85308'],5 bd,5.5 ba,"3,590 sqft",2006.0,"$359,900","$360,185","$2,000/mo",Single Family,HOA fees$35/mo,"2018$2,408(+3.4%)$30,250(+13.4%)",(+1.9 %),0
289,"6422 W Constance Way,", Laveen,['85339'],2 bd,2.5 ba,"1,253 sqft",2006.0,"$179,000","$185,796","$1,250/mo",Single Family,HOA fees$65/mo,"2018$1,130(+5.8%)$10,410(+11%)",(+6.6 %),0
290,"5010 W Fawn Dr,", Laveen,['85339'],3 bd,2 ba,"1,534 sqft",2008.0,"$200,000","$209,121","$1,350/mo",Single Family,HOA fees$74/mo,"2018$1,470(+5.8%)$13,270(+12.7%)",(+3.8 %),0
291,,phoenix,85024,2.0,2.0,1174,2008.0,,"['""zestimate"":231795']","['""rentZestimate"":1450']",condo,"['HOA Fee"",""factValue"":""$217']","2018 $1,533 +4.7% $16,970 +8%","$237,868 (+2.6 %)",0
292,"2606 S 81st Ln,", Phoenix,['85043'],4 bd,2 ba,"1,872 sqft",2000.0,"$242,000","$228,877","$1,350/mo",Single Family,HOA fees$51/mo,"2018$1,185(+6.6%)$15,620(+12.4%)",(+3.3 %),0
293,"21655 N 36th Ave UNIT 101,", Glendale,['85308'],3 bd,3 ba,"1,457 sqft",2015.0,"$227,000","$217,439","$1,395/mo",Townhouse,HOA fees$200/mo,,(+1.7 %),0
294,,phoenix,85050,2.0,2.0,1589,2014.0,341900,"['""zestimate"":337101']","['""rentZestimate"":1600']",townhouse,"['HOA Fee"",""factValue"":""$330']","2018 $2,322 +4.7% $26,030 +3%","$341,045 (+1.2 %)",0
295,"8126 W Magnolia St,", Phoenix,['85043'],3 bd,2 ba,"1,218 sqft",2001.0,"$209,000","$203,048","$1,250/mo",Single Family,HOA fees$51/mo,"2018$1,084(+6.6%)$14,470(+12.8%)",(+3.4 %),0
296,"6341 W Villa Linda Dr,", Glendale,['85310'],4 bd,3 ba,"2,505 sqft",2001.0,"$338,000","$339,887","$1,850/mo",Single Family,HOA fees$56/mo,"2018$3,312(+38.2%)$26,380(+6.9%)",(+0.8 %),0
297,"9578 W Kingman St,", Tolleson,['85353'],4 bd,2 ba,"1,804 sqft",2005.0,"$240,000","$226,645","$1,350/mo",Single Family,HOA fees$51/mo,"2018$1,213(+8.5%)$15,010(+12.7%)",(+3.5 %),0
298,"7135 W Kingman St,", Phoenix,['85043'],4 bd,2.5 ba,"2,369 sqft",2005.0,"$260,000","$253,363","$1,400/mo",Single Family,HOA fees$78/mo,"2018$1,456(+6%)$15,670(+12.3%)",(+3.1 %),0
299,"2356 W Barwick Dr,", Phoenix,['85085'],3 bd,2.5 ba,"1,921 sqft",2006.0,"$294,900","$295,038","$1,595/mo",Single Family,HOA fees$54/mo,"2018$1,810(+3.6%)$21,060(+5.5%)",(+1.6 %),0
300,"4418 E Cedarwood Ln,", Phoenix,['85048'],4 bd,3 ba,"2,529 sqft",2001.0,"$335,500","$347,646","$1,999/mo",Single Family,HOA fees$41/mo,"2018$2,409(+4.8%)$27,670(+1.5%)",(+1.2 %),0
301,"6541 W Crown King Rd,", Phoenix,['85043'],3 bd,3 ba,"2,604 sqft",2000.0,"$273,000","$275,497","$1,595/mo",Single Family,HOA fees$37/mo,"2018$1,698(+7%)$20,110(+13.3%)",(+2.2 %),0
302,"727 E Portland St APT 12,", Phoenix,['85006'],2 bd,2 ba,"1,606 sqft",2007.0,"$374,900","$380,952","$1,995/mo",Townhouse,HOA fees$229/mo,"2018$3,275(+3.7%)$27,870(+8.9%)",(+6.9 %),0
303,"33235 N Symer Dr,", Cave Creek,['85331'],4 bd,3 ba,"2,124 sqft",2000.0,"$425,000","$418,264","$2,200/mo",Single Family,HOA fees$63/mo,"2018$1,916(+3.8%)$29,270(+3.7%)",(+2.3 %),0
304,"21320 N 56th St UNIT 2054,", Phoenix,['85054'],2 bd,2 ba,"1,408 sqft",2007.0,"$299,000","$307,933","$1,700/mo",Condo,HOA fees$262/mo,"2018$2,506(-1.4%)$22,950(-4.2%)",(+2.5 %),0
305,"5603 S 21st Ter,", Phoenix,['85040'],3 bd,2.5 ba,"1,619 sqft",2005.0,"$216,900",,,Townhouse,,,,0
306,"1768 W Sienna Bouquet Pl,", Phoenix,['85085'],4 bd,3.5 ba,"3,078 sqft",2006.0,"$479,000","$473,321","$2,500/mo",Single Family,HOA fees$66/mo,"2018$3,408(+3.6%)$33,800(+3%)",(+0.2 %),0
307,"6732 S 35th Dr,", Phoenix,['85041'],4 bd,2 ba,"1,580 sqft",2005.0,"$230,000","$215,734","$1,355/mo",Single Family,HOA fees$69/mo,"2018$1,421(+5.8%)$13,370(+14.3%)",(+3.6 %),0
308,"4024 E Crimson Ter,", Cave Creek,['85331'],3 bd,3 ba,"2,148 sqft",2014.0,"$475,000","$472,438","$2,500/mo",Single Family,HOA fees$63/mo,"2018$2,158(+3.5%)$33,670(+5.6%)",(+1.1 %),0
309,"1520 W Burgess Ln,", Phoenix,['85041'],4 bd,2 ba,"1,619 sqft",2003.0,"$244,900","$219,006","$1,300/mo",Single Family,HOA fees$20/mo,"2018$1,288(+4.9%)$13,860(+11.8%)",(+5.2 %),0
310,"2847 S 64th Dr,", Phoenix,['85043'],4 bd,2 ba,"1,480 sqft",2001.0,"$205,000","$200,418","$1,250/mo",Single Family,HOA fees$37/mo,"2018$977(+7%)$12,950(+15.3%)",(+7.3 %),0
311,,phoenix,85028,2.0,2.0,1335,2008.0,349500,"['""zestimate"":338792']","['""rentZestimate"":1700']",condo,"['HOA Fee"",""factValue"":""$316']","2018 $2,043 +4.1% $22,670 +4.2%","$348,177 (+2.8 %)",0
312,"3109 W Via De Pedro Miguel,", Phoenix,['85086'],3 bd,2 ba,"2,113 sqft",2004.0,"$335,000","$335,287","$1,795/mo",Single Family,HOA fees$50/mo,"2018$2,134(+3.6%)$23,750(+5.9%)",(+1.5 %),0
313,"3765 E Kerry Ln,", Phoenix,['85050'],3 bd,3 ba,"1,819 sqft",2007.0,"$315,000","$312,076","$1,695/mo",Single Family,HOA fees$81/mo,"2018$1,881(+4.7%)$20,580(+3.5%)",(+2.1 %),0
314,"3429 W Williams Dr,", Phoenix,['85027'],3 bd,2 ba,"2,313 sqft",2000.0,"$349,000","$346,389","$1,775/mo",Single Family,HOA fees$30/mo,"2018$2,494(+3.4%)$24,560(+13.1%)",(+1.5 %),0
315,,phoenix,85042,4.0,3.0,2216,2004.0,293500,"['""zestimate"":289473']","['""rentZestimate"":1550']",single family,"['HOA Fee"",""factValue"":""$128']","2018 $2,255 +7.3% $19,880 +7%","$297,086 (+2.6 %)",0
316,"2438 W White Feather Ln,", Phoenix,['85085'],4 bd,3 ba,"2,238 sqft",2001.0,"$325,000","$319,896","$1,650/mo",Single Family,HOA fees$46/mo,"2018$1,813(+3.6%)$21,970(+5.5%)",(+1.9 %),0
317,,phoenix,85016,,,,,400165,"['""zestimate"":424280']",[],"saturday - wednesday, 10-6; sunday 12-5 or by appointment.",[],,Unavailable,0
318,,phoenix,85027,,,,,111900,"['""zestimate"":213807']","['""rentZestimate"":1350']",sunday and monday by appointmenttuesday ? friday 10am ? 6pmsaturday 9am ? 6pm,[],,"-$9,100 (-4.1 %)",0
319,,laveen,85339,4.0,2.0,1533,2005.0,211000,"['""zestimate"":212227']","['""rentZestimate"":1350']",single family,"['HOA Fee"",""factValue"":""$63']","2018 $1,588 +5.4% $13,610 +15.8%","$219,719 (+3.5 %)",0
320,"2150 W Alameda Rd UNIT 1017,", Phoenix,['85085'],3 bd,2 ba,"1,394 sqft",2007.0,"$229,900","$227,853","$1,438/mo",Townhouse,HOA fees$165/mo,"2018$1,176(+3.6%)$15,210(+15.1%)",(+3.2 %),0
321,"4334 W Lapenna Dr,", New River,['85087'],4 bd,3 ba,"3,098 sqft",2005.0,"$339,000","$348,289","$2,000/mo",Single Family,HOA fees$84/mo,"2018$2,693(+3.4%)$25,030(+4.5%)",(+0.1 %),0
322,"7754 W Alvarado Rd,", Phoenix,['85035'],3 bd,3 ba,"1,486 sqft",2013.0,"$195,000","$195,029","$1,325/mo",Single Family,HOA fees$137/mo,"2018$1,770(+3.4%)$14,020(+6.8%)",(+4.8 %),0
323,"406 E Redwood Ln,", Phoenix,['85048'],3 bd,2.5 ba,"1,375 sqft",2000.0,"$274,900","$276,254","$1,595/mo",Single Family,HOA fees$99/mo,"2018$2,293(+4.4%)$20,480(+4.4%)",(+1.7 %),0
324,"2606 W Sat Nam Way,", Phoenix,['85086'],2 bd,2 ba,"1,361 sqft",2002.0,"$274,900","$270,216","$1,395/mo",Single Family,HOA fees$51/mo,"2018$1,937(+3.4%)$16,470(+8.1%)",(+2.8 %),0
325,"1921 W Morning Vista Ln,", Phoenix,['85085'],5 bd,4 ba,"4,204 sqft",2006.0,"$460,000",,,Single Family,,,,0
326,"2150 W Alameda Rd UNIT 1321,", Phoenix,['85085'],3 bd,2.5 ba,"1,479 sqft",2015.0,"$245,000","$244,416","$1,450/mo",Townhouse,HOA fees$170/mo,"2018$1,282(+3.6%)$15,750(+11.9%)",,0
327,"2812 E Questa Dr,", Phoenix,['85024'],3 bd,2 ba,"2,157 sqft",2007.0,"$415,000",,,Single Family,,,,0
328,"2231 E Mitchell Dr,", Phoenix,['85016'],4 bd,2 ba,"2,242 sqft",2013.0,"$489,500","$424,731","$1,500/mo",Single Family,HOA fees$0/mo,"2018$1,395(+4%)$14,820(+13%)",(+3.1 %),0
329,"2145 E Campo Bello Dr,", Phoenix,['85022'],3 bd,2 ba,"1,569 sqft",2014.0,"$339,900","$330,902","$1,695/mo",Single Family,HOA fees$58/mo,"2018$1,676(+4.7%)$22,180(+1.4%)",(+6.6 %),0
330,,phoenix,85041,3.0,2.0,1324,2004.0,,"['""zestimate"":197808']","['""rentZestimate"":1250']",single family,[],"2018 $1,045 +7.3% $12,600 +13.4%","$209,815 (+6.1 %)",0
331,"4322 W Apollo Rd,", Laveen,['85339'],3 bd,2 ba,"1,279 sqft",2005.0,"$220,000","$205,339","$1,200/mo",Single Family,HOA fees$63/mo,"2018$1,270(+5.8%)$12,230(+16.1%)",(+5.2 %),0
332,"5421 W Fremont Rd,", Laveen,['85339'],4 bd,3 ba,"2,361 sqft",2006.0,"$249,900","$243,047","$1,495/mo",Single Family,HOA fees$66/mo,"2018$1,964(+5.4%)$15,510(+12.2%)",(+2.9 %),0
333,"6209 W Hedgehog Pl,", Phoenix,['85083'],4 bd,2.5 ba,"2,850 sqft",2002.0,"$498,000","$470,642","$2,450/mo",Single Family,HOA fees$48/mo,"2018$3,967(+3.4%)$33,130(+5.8%)",(+0.8 %),0
334,"2929 N 39th St UNIT 9,", Phoenix,['85018'],3 bd,2 ba,"1,611 sqft",2007.0,"$225,000","$228,193","$1,485/mo",Townhouse,HOA fees$75/mo,"2018$2,012(+4.3%)$14,360(+12.6%)",(+3.6 %),0
335,"34848 N 30th Ave,", Phoenix,['85086'],3 bd,3 ba,"1,566 sqft",2003.0,"$224,900","$224,961","$1,395/mo",Townhouse,HOA fees$136/mo,"2018$1,140(+3.6%)$15,470(+4.7%)",(+2.9 %),0
336,"3221 N 37th St UNIT 23,", Phoenix,['85018'],2 bd,2.5 ba,"1,418 sqft",2000.0,"$265,000","$263,943","$1,495/mo",Townhouse,HOA fees$250/mo,"2018$1,312(+4.3%)$16,560(+15.3%)",(+3.6 %),0
337,,laveen,85339,5.0,3.0,3308,2006.0,345500,"['""zestimate"":340867']","['""rentZestimate"":1880']",single family,"['HOA Fee"",""factValue"":""$88']","2018 $3,155 +2.7% $24,470 +18.6%","$342,299 (+0.4 %)",0
338,"6900 E Princess Dr UNIT 1134,", Phoenix,['85054'],3 bd,2 ba,"1,093 sqft",2006.0,"$215,000","$214,231","$1,450/mo",Condo,HOA fees$240/mo,"2018$1,580(+4.3%)$14,910(+2.6%)",,0
339,,laveen,85339,,,,,276000,"['""zestimate"":229663']","['""rentZestimate"":1355']",mon-tue 10am-6pm wed 1pm-6pm thur-sat 10am-6pm sun 11am-6pm,[],,Unavailable,0
340,"1425 E Huntington Dr,", Phoenix,['85040'],3 bd,2 ba,"1,471 sqft",2001.0,"$199,900","$202,281","$1,295/mo",Single Family,HOA fees$37/mo,"2018$1,163(+4.9%)$12,520(+11%)",(+5.0 %),0
341,"2150 E Bell Rd UNIT 1143,", Phoenix,['85022'],2 bd,2 ba,"1,158 sqft",2005.0,"$179,900","$180,267","$1,205/mo",Townhouse,HOA fees$116/mo,"2018$906(+4.3%)$12,000(+15.1%)",(+5.6 %),0
342,"10048 W Albeniz Pl,", Tolleson,['85353'],5 bd,3 ba,"1,953 sqft",2006.0,"$249,900","$246,825","$1,440/mo",Single Family,HOA fees$64/mo,"2018$1,616(+6.3%)$16,930(+13.9%)",(+3.1 %),0
343,"4326 W Buist Ave,", Laveen,['85339'],3 bd,2 ba,"2,166 sqft",2004.0,"$280,000","$276,845","$1,500/mo",Single Family,HOA fees$93/mo,"2018$2,567(+5.4%)$18,910(+14.5%)",(+2.6 %),0
344,"3028 W Thorn Tree Dr,", Phoenix,['85085'],3 bd,2 ba,"1,788 sqft",2016.0,"$385,000",,,Single Family,HOA fees$87/mo,"2018$2,175(+249.6%)$14,805(-0.2%)",(+3.9 %),0
345,"20037 N 49th Dr,", Glendale,['85308'],3 bd,3 ba,"1,748 sqft",2007.0,"$244,999","$244,758","$1,450/mo",Single Family,HOA fees$93/mo,"2018$1,140(+3.6%)$17,610(+13.5%)",(+2.4 %),0
346,"18250 N 32nd St UNIT 1051,", Phoenix,['85032'],3 bd,3 ba,"1,483 sqft",2005.0,"$230,000","$227,250","$1,400/mo",Condo,HOA fees$140/mo,"2018$1,410(+4.3%)$15,670(+14.3%)",(+3.3 %),0
347,"16209 S 17th Dr,", Phoenix,['85045'],3 bd,2.5 ba,"1,568 sqft",2000.0,"$269,000","$273,358","$1,500/mo",Single Family,HOA fees$35/mo,"2018$2,063(+4.4%)$17,680(+4%)",(+1.2 %),0
348,"6326 W Mohave St,", Phoenix,['85043'],3 bd,2 ba,"1,058 sqft",2001.0,"$195,000","$189,362","$1,175/mo",Single Family,HOA fees$48/mo,"2018$726(+6.6%)$10,680(+16%)",(+5.4 %),0
349,"8620 S 21st Pl,", Phoenix,['85042'],3 bd,3 ba,"2,258 sqft",2005.0,"$389,900",,,Single Family,,,,0
350,,phoenix,85004,2.0,2.5,1463,2007.0,344900,"['""zestimate"":338179']","['""rentZestimate"":2200']",condo,"['HOA Fee"",""factValue"":""$718']","2018 $2,647 +2.3% $26,600 +14.4%","$358,098 (+5.9 %)",0
351,,laveen,85339,,,,,251000,"['""zestimate"":215490']","['""rentZestimate"":1325']",mon-tue 10am-6pm wed 1pm-6pm thur-sat 10am-6pm sun 11am-6pm,[],,Unavailable,0
352,,phoenix,85042,2.0,2.0,1205,2007.0,169900,"['""zestimate"":176470']","['""rentZestimate"":1300']",townhouse,"['HOA Fee"",""factValue"":""$235']","2018 $1,214 +7.3% $11,330 +12.1%","$185,788 (+5.3 %)",0
353,,phoenix,85041,3.0,3.0,2165,2004.0,228000,"['""zestimate"":226414']","['""rentZestimate"":1380']",single family,"['HOA Fee"",""factValue"":""$65']","2018 $1,641 +7.3% $15,880 +13.8%","$234,248 (+3.5 %)",0
354,,phoenix,85043,3.0,2.0,1435,2003.0,204000,"['""zestimate"":196442']","['""rentZestimate"":1250']",single family,"['HOA Fee"",""factValue"":""$55']","2018 $1,076 +6.4% $12,070 +10%","$207,620 (+5.7 %)",0
355,,phoenix,85083,3.0,2.0,1816,2006.0,328000,"['""zestimate"":322429']","['""rentZestimate"":1650']",single family,"['HOA Fee"",""factValue"":""$73']","2018 $2,067 +3.6% $22,800 +7.3%","$329,103 (+2.1 %)",0
356,,laveen,85339,3.0,2.5,1647,2006.0,200000,"['""zestimate"":203202']","['""rentZestimate"":1325']",single family,"['HOA Fee"",""factValue"":""$65']","2018 $1,420 +5.4% $11,480 +9.6%","$214,337 (+5.5 %)",0
357,,phoenix,85043,4.0,2.5,2203,2003.0,250000,"['""zestimate"":233283']","['""rentZestimate"":1350']",single family,"['HOA Fee"",""factValue"":""$51']","2018 $1,321 +6% $15,120 +12%","$241,821 (+3.7 %)",0
358,,phoenix,85086,5.0,4.0,3707,2004.0,369000,"['""zestimate"":382309']","['""rentZestimate"":2200']",single family,"['HOA Fee"",""factValue"":""$51']","2018 $3,441 +3.4% $30,730 +3.8%","$383,112 (+0.2 %)",0
359,,phoenix,85042,3.0,2.0,1522,2001.0,250000,"['""zestimate"":249138']","['""rentZestimate"":1395']",single family,"['HOA Fee"",""factValue"":""$65']","2018 $1,845 +4.9% $15,960 +8.6%","$259,677 (+4.2 %)",0
360,,phoenix,85016,3.0,2.5,1930,2018.0,415000,"['""zestimate"":428185']","['""rentZestimate"":2106']",townhouse,"['HOA Fee"",""factValue"":""$205']",,Unavailable,0
361,,laveen,85339,4.0,2.5,2207,2004.0,249900,"['""zestimate"":243233']","['""rentZestimate"":1435']",single family,"['HOA Fee"",""factValue"":""$68']","2018 $1,661 +5.8% $14,920 +13.4%","$249,727 (+2.7 %)",0
362,,phoenix,85022,3.0,3.0,1865,2004.0,285000,"['""zestimate"":286427']","['""rentZestimate"":1600']",single family,"['HOA Fee"",""factValue"":""$85']","2018 $1,702 +4.7% $19,180 +5.6%","$290,036 (+1.3 %)",0
363,,phoenix,85018,3.0,2.0,1232,2005.0,229000,"['""zestimate"":228600']","['""rentZestimate"":1350']",townhouse,"['HOA Fee"",""factValue"":""$250']","2018 $935 +4.3% $12,680 +17.2%","$241,653 (+5.7 %)",0
364,,phoenix,85040,3.0,3.0,1534,2003.0,190000,"['""zestimate"":191968']","['""rentZestimate"":1295']",single family,"['HOA Fee"",""factValue"":""$99']","2018 $1,003 +7.3% $12,070 +21.7%","$202,757 (+5.6 %)",0
365,,laveen,85339,5.0,3.0,3648,2006.0,349900,"['""zestimate"":371951']","['""rentZestimate"":2050']",single family,"['HOA Fee"",""factValue"":""$130']","2018 $4,235 +5.8% $28,300 +4.5%","$379,650 (+2.1 %)",0
366,,laveen,85339,5.0,2.5,2974,2004.0,275000,"['""zestimate"":275702']","['""rentZestimate"":1550']",single family,"['HOA Fee"",""factValue"":""$68']","2018 $2,529 +5.4% $20,220 +12.1%","$282,209 (+2.4 %)",0
367,,phoenix,85050,,,,,441262,"['""zestimate"":371230']",[],"m:10:00-06:00,tu:10:00-06:00,w:12:00-06:00,th:10:00-06:00,f:10:00-06:00,sa:10:00-06:00,su:10:00-06:",[],,Unavailable,0
368,,phoenix,85003,2.0,4.0,1967,2002.0,469000,"['""zestimate"":452707']","['""rentZestimate"":2500']",townhouse,"['HOA Fee"",""factValue"":""$250']","2018 $3,274 +3.7% $30,670 -9.5%","$453,884 (+0.3 %)",0
369,,phoenix,85022,3.0,2.0,1240,2002.0,286900,"['""zestimate"":261262']","['""rentZestimate"":1455']",single family,"['HOA Fee"",""factValue"":""$45']","2018 $1,219 +4.7% $16,660 +12.9%","$270,458 (+3.5 %)",0
370,,phoenix,85085,4.0,3.0,3084,2006.0,449000,"['""zestimate"":444561']","['""rentZestimate"":2400']",single family,"['HOA Fee"",""factValue"":""$60']","2018 $3,215 +3.6% $35,110 +7.7%","$445,984 (+0.3 %)",0
371,,phoenix,85085,3.0,2.5,1871,2008.0,298500,"['""zestimate"":292870']","['""rentZestimate"":1599']",single family,"['HOA Fee"",""factValue"":""$168']","2018 $1,788 +3.6% $20,970 +5.8%","$297,556 (+1.6 %)",0
372,,laveen,85339,3.0,2.0,1430,2007.0,189000,"['""zestimate"":194497']","['""rentZestimate"":1275']",single family,"['HOA Fee"",""factValue"":""$65']","2018 $1,371 +5.4% $11,150 +10.7%","$205,194 (+5.5 %)",0
373,,phoenix,85086,4.0,2.0,1860,2005.0,314900,"['""zestimate"":303781']","['""rentZestimate"":1550']",single family,"['HOA Fee"",""factValue"":""$78']","2018 $2,048 +3.6% $22,230 +7.1%","$307,153 (+1.1 %)",0
374,,phoenix,85083,4.0,3.0,2708,2000.0,498000,"['""zestimate"":491584']","['""rentZestimate"":2405']",single family,"['HOA Fee"",""factValue"":""$64']","2018 $3,135 +3.6% $32,760 +13.5%","$491,092 (-0.1 %)",0
375,,laveen,85339,3.0,3.0,1765,2004.0,239500,"['""zestimate"":235205']","['""rentZestimate"":1450']",single family,"['HOA Fee"",""factValue"":""$57']","2018 $1,926 +5.4% $15,870 +16%","$245,366 (+4.3 %)",0
376,,phoenix,85083,4.0,3.0,2854,2004.0,410000,"['""zestimate"":419458']","['""rentZestimate"":2300']",single family,"['HOA Fee"",""factValue"":""$48']","2018 $3,198 +3.6% $34,910 +5%","$420,591 (+0.3 %)",0
377,,phoenix,85008,3.0,4.0,2229,2016.0,450000,"['""zestimate"":424386']","['""rentZestimate"":2295']",townhouse,"['HOA Fee"",""factValue"":""$235']",,"$430,158 (+1.4 %)",0
378,,phoenix,85023,4.0,3.0,2270,2002.0,299999,"['""zestimate"":296970']","['""rentZestimate"":1695']",condo,"['HOA Fee"",""factValue"":""$140']","2018 $2,784 +0.3% $22,400 +3.5%","$300,207 (+1.1 %)",0
379,,phoenix,85085,5.0,3.0,3176,2015.0,459000,"['""zestimate"":466967']","['""rentZestimate"":2400']",single family,"['HOA Fee"",""factValue"":""$120']","2018 $2,949 +3.6% $31,060 -8.8%","+$44,668 (+10.6 %)",0
380,,phoenix,85015,5.0,3.5,2144,2017.0,333900,"['""zestimate"":266885']","['""rentZestimate"":1549']",single family,[],,Unavailable,0
381,,laveen,85339,3.0,2.5,1562,2003.0,236000,"['""zestimate"":228507']","['""rentZestimate"":1325']",single family,"['HOA Fee"",""factValue"":""$68']","2018 $1,451 +5.8% $13,250 +15%","$234,425 (+2.6 %)",0
382,,phoenix,85041,4.0,2.0,1564,2017.0,229950,"['""zestimate"":219388']","['""rentZestimate"":1499']",single family,"['HOA Fee"",""factValue"":""$42']","2018 $1,732 +853.5% $4,440 -12.7%","+$1,982 (+0.9 %)",0
383,,phoenix,85050,2.0,3.0,1388,2007.0,325000,"['""zestimate"":318234']","['""rentZestimate"":1600']",townhouse,"['HOA Fee"",""factValue"":""$215']","2018 $2,395 +4.7% $22,400 +2.3%","$319,411 (+0.4 %)",0
384,,phoenix,85006,2.0,2.0,1257,2007.0,254900,"['""zestimate"":259118']","['""rentZestimate"":1495']",townhouse,"['HOA Fee"",""factValue"":""$180']","2018 $1,906 +2.4% $18,350 +28.8%","$264,041 (+1.9 %)",0
385,,phoenix,85054,2.0,2.0,1392,2014.0,345000,[],"['""rentZestimate"":1561']",apartment,"['HOA Fee"",""factValue"":""$420']","2018 $2,064 -10.8% $28,180 +4.1%",Unavailable,0
386,,phoenix,85041,3.0,2.0,1601,2005.0,235000,"['""zestimate"":223162']","['""rentZestimate"":1395']",single family,"['HOA Fee"",""factValue"":""$65']","2018 $1,457 +7.3% $14,360 +13.5%","$231,955 (+3.9 %)",0
387,,phoenix,85042,3.0,3.0,2346,2004.0,264750,"['""zestimate"":264068']","['""rentZestimate"":1499']",single family,"['HOA Fee"",""factValue"":""$66']","2018 $1,963 +7.3% $16,910 +9.4%","$273,891 (+3.7 %)",0
388,,laveen,85339,3.0,2.0,1358,2006.0,200000,"['""zestimate"":201560']","['""rentZestimate"":1212']",single family,"['HOA Fee"",""factValue"":""$65']","2018 $1,265 +5.8% $11,500 +13%","$214,077 (+6.2 %)",0
389,,laveen,85339,5.0,3.0,2565,2004.0,264900,"['""zestimate"":266160']","['""rentZestimate"":1550']",single family,"['HOA Fee"",""factValue"":""$60']","2018 $2,377 +5.4% $17,850 +16.2%","$272,202 (+2.3 %)",0
390,,phoenix,85018,3.0,2.5,2075,2016.0,485000,"['""zestimate"":493332']","['""rentZestimate"":1775']",single family,[],"2018 $3,432 +350.4% $11,655 +64.3%","-$20,527 (-4.0 %)",0
391,,phoenix,85040,4.0,2.0,2019,2019.0,269900,"['""zestimate"":229188']","['""rentZestimate"":1445']",single family,[],"2018 $283 +4.9% $2,310 +29.4%",Unavailable,0
392,,laveen,85339,4.0,2.0,1666,2006.0,219900,"['""zestimate"":216863']","['""rentZestimate"":1355']",single family,"['HOA Fee"",""factValue"":""$46']","2018 $1,670 +5.4% $13,200 +15%","$224,345 (+3.5 %)",0
393,,tolleson,85353,4.0,3.0,2203,2010.0,235000,"['""zestimate"":233862']","['""rentZestimate"":1400']",single family,"['HOA Fee"",""factValue"":""$64']","2018 $1,505 +6.3% $15,000 +11.9%","$239,896 (+2.6 %)",0
394,,phoenix,85041,4.0,2.5,1939,2004.0,225000,"['""zestimate"":225774']","['""rentZestimate"":1375']",single family,"['HOA Fee"",""factValue"":""$63']","2018 $1,810 +5.4% $15,030 +15.3%","$233,766 (+3.5 %)",0
395,,phoenix,85041,,,,2019.0,347165,"['""zestimate"":279565']",[],single family,"['HOA Fee"",""factValue"":""$119']",,Unavailable,0
396,,tolleson,85353,,,,,272995,"['""zestimate"":238310']","['""rentZestimate"":1450']",sun-thu 10am-6pm; fri 1pm-6pm; sat 10am-6pm,"['HOA Fee"",""factValue"":""$64']",,Unavailable,0
397,,phoenix,85085,4.0,2.0,2108,2006.0,335900,"['""zestimate"":334134']","['""rentZestimate"":1795']",single family,"['HOA Fee"",""factValue"":""$54']","2018 $2,095 +3.6% $24,070 +4.6%","$339,881 (+1.7 %)",0
398,,phoenix,85050,2.0,2.5,1497,2010.0,325000,"['""zestimate"":321955']","['""rentZestimate"":1700']",single family,"['HOA Fee"",""factValue"":""$165']","2018 $2,506 +4.7% $24,280 +2.6%","$327,782 (+1.8 %)",0
399,,phoenix,85035,2.0,2.5,1284,2016.0,175900,"['""zestimate"":171748']","['""rentZestimate"":1316']",townhouse,"['HOA Fee"",""factValue"":""$137']","2018 $1,898 +4.9% $12,900 +9.5%","+$1,455 (+0.9 %)",0
400,,phoenix,85053,3.0,2.5,1788,2005.0,190000,"['""zestimate"":191929']","['""rentZestimate"":1350']",townhouse,"['HOA Fee"",""factValue"":""$184']","2018 $1,081 +0.3% $13,660 +8.4%","$204,942 (+6.8 %)",0
401,,phoenix,85016,,,,2019.0,374000,"['""zestimate"":380517']","['""rentZestimate"":1650']",condo,[],,"+$13,080 (+3.6 %)",0
402,,phoenix,85016,3.0,3.5,1596,2005.0,270000,"['""zestimate"":270599']","['""rentZestimate"":1497']",townhouse,"['HOA Fee"",""factValue"":""$120']","2018 $1,865 +4.3% $15,630 +6.9%","$280,530 (+3.7 %)",0
403,,phoenix,85083,3.0,3.0,2964,2001.0,474900,"['""zestimate"":476790']","['""rentZestimate"":2495']",single family,"['HOA Fee"",""factValue"":""$64']","2018 $3,385 +3.6% $39,230 +6.9%","$483,751 (+1.5 %)",0
404,,phoenix,85008,4.0,3.0,2032,2018.0,480000,"['""zestimate"":355324']","['""rentZestimate"":1425']",single family,[],"2018 $1,294 -2.5% $10,680 +11.3%","$370,496 (+4.3 %)",0
405,,new river,85087,4.0,4.0,2915,2012.0,460000,"['""zestimate"":436572']","['""rentZestimate"":2205']",single family,"['HOA Fee"",""factValue"":""$70']","2018 $2,707 +3.6% $32,410 +2.3%","$442,029 (+1.2 %)",0
406,,phoenix,85085,3.0,3.0,1882,2005.0,260000,"['""zestimate"":261302']","['""rentZestimate"":1500']",single family,"['HOA Fee"",""factValue"":""$107']","2018 $1,714 +3.6% $17,720 +7.6%","$265,378 (+1.6 %)",0
407,,phoenix,85018,3.0,3.0,1534,2017.0,375000,"['""zestimate"":326148']","['""rentZestimate"":1675']",townhouse,"['HOA Fee"",""factValue"":""$295']",,Unavailable,0
408,,phoenix,85041,3.0,2.5,2093,2002.0,224900,"['""zestimate"":227519']","['""rentZestimate"":1365']",single family,"['HOA Fee"",""factValue"":""$76']","2018 $1,516 +5.8% $13,930 +11.4%","$234,549 (+3.1 %)",0
409,,glendale,85308,4.0,4.5,3590,2006.0,349900,"['""zestimate"":354206']","['""rentZestimate"":1950']",single family,"['HOA Fee"",""factValue"":""$35']","2018 $2,509 +3.3% $29,680 +7.8%","$358,563 (+1.2 %)",0
410,,phoenix,85004,2.0,2.5,1426,2007.0,339500,"['""zestimate"":337237']","['""rentZestimate"":1925']",condo,"['HOA Fee"",""factValue"":""$678']",,"$354,133 (+5.0 %)",0
411,,cave creek,85331,2.0,2.0,1855,2018.0,459000,"['""zestimate"":456243']","['""rentZestimate"":1650']",condo,"['HOA Fee"",""factValue"":""$254']","2018 $210 +3.5% $3,210 +32.1%","-$3,408 (-0.7 %)",0
412,,phoenix,85086,4.0,2.0,2126,2003.0,385000,"['""zestimate"":351847']","['""rentZestimate"":1900']",single family,[],"2018 $2,429 +3.6% $25,930 +5.5%","$357,054 (+1.5 %)",0
413,,laveen,85339,3.0,2.0,1620,2008.0,,"['""zestimate"":215832']","['""rentZestimate"":1326']",single family,"['HOA Fee"",""factValue"":""$65']","2018 $1,589 +5.8% $13,480 +15.1%","$224,530 (+4.0 %)",0
414,,anthem,85086,3.0,2.0,1625,2004.0,263900,"['""zestimate"":268756']","['""rentZestimate"":1550']",single family,"['HOA Fee"",""factValue"":""$84']","2018 $1,842 +3.6% $19,570 +7.8%","$272,465 (+1.4 %)",0
415,,laveen,85339,5.0,3.0,2462,2006.0,269850,"['""zestimate"":265756']","['""rentZestimate"":1500']",single family,"['HOA Fee"",""factValue"":""$57']","2018 $2,080 +5.8% $17,350 +13.6%","$273,410 (+2.9 %)",0
416,,phoenix,85087,,,,,403990,"['""zestimate"":387562']","['""rentZestimate"":1665']","m:closed,tu:closed,w:12:00-06:00,th:10:00-06:00,f:10:00-06:00,sa:10:00-06:00,su:10:00-06:00",[],,"-$4,204 (-1.1 %)",0
417,,phoenix,85042,3.0,3.0,1499,2016.0,270000,"['""zestimate"":263155']","['""rentZestimate"":1450']",single family,"['HOA Fee"",""factValue"":""$144']","2018 $2,268 +7.3% $19,920 +16.3%","+$6,922 (+2.7 %)",0
418,,phoenix,85045,4.0,3.5,3125,2005.0,365000,"['""zestimate"":364038']","['""rentZestimate"":2200']",single family,"['HOA Fee"",""factValue"":""$34']","2018 $2,778 +4.8% $29,030 -1%","$373,357 (+2.6 %)",0
419,,phoenix,85045,3.0,2.0,2209,2000.0,384900,"['""zestimate"":378610']","['""rentZestimate"":1950']",single family,"['HOA Fee"",""factValue"":""$31']","2018 $2,222 -20.2% $28,130 +2.4%","$377,739 (-0.2 %)",0
420,,phoenix,85085,4.0,2.5,2550,2006.0,468800,"['""zestimate"":463834']","['""rentZestimate"":2500']",single family,"['HOA Fee"",""factValue"":""$130']","2018 $2,820 +3.6% $32,710 +8.7%","$468,380 (+1.0 %)",0
421,,phoenix,85043,5.0,3.0,2502,2006.0,330000,"['""zestimate"":311939']","['""rentZestimate"":1500']",single family,"['HOA Fee"",""factValue"":""$39']","2018 $1,676 +6.4% $17,320 +14.2%","$321,765 (+3.1 %)",0
422,,phoenix,85083,4.0,3.5,3436,2005.0,479900,"['""zestimate"":473656']","['""rentZestimate"":2500']",single family,"['HOA Fee"",""factValue"":""$73']","2018 $3,339 +3.6% $35,720 +5%","$477,729 (+0.9 %)",0
423,,phoenix,85041,3.0,2.0,1685,2004.0,234900,"['""zestimate"":281149']","['""rentZestimate"":1500']",single family,"['HOA Fee"",""factValue"":""$83']","2018 $2,086 +7.3% $19,650 +16.9%","$292,507 (+4.0 %)",0
424,,laveen,85339,3.0,2.5,1702,2012.0,217000,"['""zestimate"":222768']","['""rentZestimate"":1449']",single family,"['HOA Fee"",""factValue"":""$115']","2018 $1,998 +7.3% $15,510 +7.5%","$232,035 (+4.2 %)",0
425,,laveen,85339,4.0,3.0,2017,2019.0,377900,"['""zestimate"":311304']","['""rentZestimate"":1595']",single family,[],,Unavailable,0
426,,phoenix,85042,3.0,2.0,1852,2001.0,266000,"['""zestimate"":283092']","['""rentZestimate"":1600']",single family,"['HOA Fee"",""factValue"":""$140']","2018 $2,725 +7.3% $21,410 +7.5%","$289,150 (+2.1 %)",0
427,,laveen,85339,4.0,2.0,1866,2006.0,250000,"['""zestimate"":219209']","['""rentZestimate"":1300']",single family,"['HOA Fee"",""factValue"":""$68']","2018 $1,421 +5.8% $13,310 +14.7%","$227,692 (+3.9 %)",0
428,,laveen,85339,4.0,2.5,2598,2007.0,259999,"['""zestimate"":257816']","['""rentZestimate"":1500']",single family,"['HOA Fee"",""factValue"":""$60']","2018 $2,115 +5.8% $16,620 +12.3%","$269,727 (+4.6 %)",0
429,,glendale,85308,3.0,2.5,1457,2007.0,195000,"['""zestimate"":204138']","['""rentZestimate"":1395']",townhouse,"['HOA Fee"",""factValue"":""$200']",,+$307 (+0.2 %),0
430,,phoenix,85027,,,,,89900,"['""zestimate"":189807']","['""rentZestimate"":1077']",sunday and monday by appointmenttuesday ? friday 10am ? 6pmsaturday 9am ? 6pm,[],,"-$6,778 (-3.4 %)",0
431,,phoenix,85009,3.0,2.0,1448,2006.0,200000,"['""zestimate"":191122']","['""rentZestimate"":1200']",single family,[],"2018 $535 +4.2% $10,020 +21%","$203,793 (+6.6 %)",0
432,,phoenix,85037,4.0,3.0,3050,2004.0,294999,"['""zestimate"":290723']","['""rentZestimate"":1500']",single family,"['HOA Fee"",""factValue"":""$55']","2018 $1,758 +12% $18,880 +14.3%","$295,665 (+1.7 %)",0
433,,phoenix,85085,5.0,4.0,4091,2004.0,425000,"['""zestimate"":443364']","['""rentZestimate"":2395']",single family,"['HOA Fee"",""factValue"":""$94']","2018 $3,604 +3.8% $36,060 +1.4%","$448,374 (+1.1 %)",0
434,,phoenix,85035,4.0,2.5,1783,2014.0,209990,"['""zestimate"":209806']","['""rentZestimate"":1275']",single family,"['HOA Fee"",""factValue"":""$109']","2018 $2,033 +4.9% $14,850 +4.7%","$216,897 (+3.4 %)",0
435,,phoenix,85040,,,,,181900,"['""zestimate"":191735']","['""rentZestimate"":1395']","10am to 5pm wed- sat, 12p-5pm tuesday, sun - mon closed","['HOA Fee"",""factValue"":""$190']",,"+$1,737 (+0.9 %)",0
436,,laveen,85339,4.0,3.0,2606,2009.0,250000,"['""zestimate"":254647']","['""rentZestimate"":1550']",single family,"['HOA Fee"",""factValue"":""$124']","2018 $2,737 +5.4% $18,230 +10%","$260,937 (+2.5 %)",0
437,,phoenix,85024,3.0,3.0,2057,2000.0,369900,"['""zestimate"":364624']","['""rentZestimate"":1950']",single family,"['HOA Fee"",""factValue"":""$43']","2018 $2,582 +22.5% $26,220 +6.3%","$370,239 (+1.5 %)",0
438,,tolleson,85353,3.0,2.0,1785,2015.0,248900,"['""zestimate"":246314']","['""rentZestimate"":1450']",single family,"['HOA Fee"",""factValue"":""$51']","2018 $2,046 +6.3% $18,450 +3.5%","-$5,963 (-2.4 %)",0
439,,phoenix,85041,3.0,2.0,1302,2005.0,195500,"['""zestimate"":193114']","['""rentZestimate"":1200']",single family,"['HOA Fee"",""factValue"":""$63']","2018 $1,369 +5.4% $11,670 +12.5%","$203,716 (+5.5 %)",0
440,,phoenix,85042,4.0,2.0,1998,2005.0,295000,"['""zestimate"":281548']","['""rentZestimate"":1550']",single family,"['HOA Fee"",""factValue"":""$65']","2018 $2,323 +7.3% $19,850 +12.4%","$286,700 (+1.8 %)",0
441,,phoenix,85042,3.0,2.0,1522,2000.0,269500,"['""zestimate"":255116']","['""rentZestimate"":1495']",single family,"['HOA Fee"",""factValue"":""$35']","2018 $1,850 +4.9% $16,900 +14.7%","$263,025 (+3.1 %)",0
442,,phoenix,85037,3.0,2.0,1590,2018.0,222990,"['""zestimate"":210110']","['""rentZestimate"":1300']",single family,"['HOA Fee"",""factValue"":""$59']",,Unavailable,0
443,,phoenix,85003,2.0,2.0,1223,2007.0,238875,"['""zestimate"":240956']","['""rentZestimate"":1650']",condo,"['HOA Fee"",""factValue"":""$459']","2018 $2,133 +2.5% $20,910 +6%","$250,546 (+4.0 %)",0
444,,laveen,85339,3.0,2.5,2252,2006.0,269900,"['""zestimate"":264115']","['""rentZestimate"":1473']",single family,"['HOA Fee"",""factValue"":""$50']","2018 $2,122 +5.8% $17,560 +13.8%","$271,061 (+2.6 %)",0
445,,phoenix,85041,4.0,2.5,1776,2006.0,232000,"['""zestimate"":235739']","['""rentZestimate"":1390']",single family,"['HOA Fee"",""factValue"":""$85']","2018 $2,157 +7.3% $15,340 +14.1%","$242,835 (+3.0 %)",0
446,,phoenix,85054,2.0,2.0,843,2003.0,204000,"['""zestimate"":197098']","['""rentZestimate"":1275']",condo,"['HOA Fee"",""factValue"":""$183']","2018 $1,204 +4.3% $12,110 +3.5%","$209,180 (+6.1 %)",0
447,,laveen,85339,4.0,2.0,3080,2001.0,465000,"['""zestimate"":464280']","['""rentZestimate"":2500']",single family,[],"2018 $4,502 +5.6% $37,010 +1.9%","$468,226 (+0.8 %)",0
448,,tolleson,85353,4.0,2.5,3110,2004.0,260000,"['""zestimate"":266193']","['""rentZestimate"":1533']",single family,"['HOA Fee"",""factValue"":""$60']","2018 $1,689 +6.3% $18,430 +10.7%","$269,600 (+1.3 %)",0
449,,phoenix,85024,4.0,3.0,3182,2005.0,439000,"['""zestimate"":435153']","['""rentZestimate"":2400']",single family,"['HOA Fee"",""factValue"":""$34']","2018 $2,996 +4.7% $33,400 +2.9%","$436,328 (+0.3 %)",0
450,,glendale,85308,4.0,2.0,2784,2004.0,499900,"['""zestimate"":500330']","['""rentZestimate"":2500']",single family,"['HOA Fee"",""factValue"":""$117']","2018 $3,150 +3.6% $41,060 +36.3%","$508,385 (+1.6 %)",0
451,,phoenix,85008,2.0,2.0,1206,2005.0,199000,"['""zestimate"":194694']","['""rentZestimate"":1295']",townhouse,"['HOA Fee"",""factValue"":""$200']","2018 $1,242 +4% $13,470 +21.8%","$202,170 (+3.8 %)",0
452,,phoenix,85083,5.0,3.0,2948,2013.0,475000,"['""zestimate"":474183']","['""rentZestimate"":2495']",single family,"['HOA Fee"",""factValue"":""$73']","2018 $3,569 +3.6% $36,010 +5.2%","$483,430 (+2.0 %)",0
453,,phoenix,85024,5.0,4.0,3182,2004.0,409000,"['""zestimate"":402892']","['""rentZestimate"":2200']",single family,"['HOA Fee"",""factValue"":""$34']","2018 $3,268 +4.3% $30,820 +3%","$406,276 (+0.8 %)",0
454,,laveen,85339,3.0,3.0,1275,2007.0,220000,"['""zestimate"":191399']","['""rentZestimate"":1225']",single family,"['HOA Fee"",""factValue"":""$62']","2018 $1,307 +5.4% $10,780 +11.9%","$201,945 (+5.5 %)",0
455,,phoenix,85083,3.0,2.0,1845,2002.0,331900,"['""zestimate"":332510']","['""rentZestimate"":1595']",single family,"['HOA Fee"",""factValue"":""$69']",,"$337,165 (+1.4 %)",0
