address,city,zip,beds,baths,sqft,year,saleprice,zestimate,rent,type,hoa,tax,apprec
,portland,97233,3.0,2.0,1217,1947,200000,"['""zestimate"":261319']","['""rentZestimate"":1795']",single family,[],"2017 $3,543 +6.6% $159,320 +3%","-$67,363 (-20.5 %)"
"5734 NE Alton St,", Portland,['97213'],3 bd,2 ba,"1,300 sqft",2004,"$299,999","$356,900","$1,850/mo",Single Family,HOA fees$0/mo,"2017$3,872(+14%)$148,350(+3%)",(+0.4 %)
"4629 NE 91st Ave,", Portland,['97220'],3 bd,2 ba,"1,686 sqft",1926,"$299,000","$314,776","$1,895/mo",Single Family,HOA fees$0/mo,"2017$2,819(+7.5%)$129,250(+3%)",(+3.5 %)
"331 NE Bridgeton Rd SLIP 2,", Portland,['97211'],2 bd,2 ba,"1,500 sqft",1989,"$289,000","$283,558","$1,975/mo",Single Family,HOA fees$0/mo,,
"8815 NW Shepard St,", Portland,['97231'],2 bd,2 ba,"2,934 sqft",1938,"$399,900","$534,046","$2,495/mo",Single Family,HOA fees$0/mo,,
"9326 N Woolsey Ave,", Portland,['97203'],3 bd,2 ba,"1,438 sqft",2007,"$330,000","$334,494","$1,900/mo",Single Family,HOA fees$98/mo,"2017$4,015(+205%)$153,830(+175.6%)",(+6.1 %)
"5738 NE Ainsworth St,", Portland,['97218'],3 bd,3 ba,"1,398 sqft",2000,"$350,000","$372,548","$1,995/mo",Single Family,HOA fees$0/mo,"2017$5,414(+14%)$207,440(+3%)",
"4338 SE 138th Pl,", Portland,['97236'],3 bd,2 ba,"1,192 sqft",1997,"$290,000",,,Single Family,,,
"5101 SE Malden Dr,", Portland,['97206'],2 bd,1 ba,899 sqft,1930,"$185,000","$170,543","$1,595/mo",Single Family,HOA fees$0/mo,"2017$2,325(+14%)$89,090(+3%)",
"3329 NE 164th Loop,", Portland,['97230'],5 bd,3 ba,"2,336 sqft",2004,"$409,000","$410,690","$2,200/mo",Single Family,HOA fees$0/mo,"2017$5,305(+8.8%)$237,910(+3%)",(+0.7 %)
"6606 N Denver Ave,", Portland,['97217'],3 bd,1 ba,"1,806 sqft",1927,"$380,000","$413,189","$1,995/mo",Single Family,HOA fees$0/mo,"2017$3,152(+14%)$120,770(+3%)",
"5120 SE 45th Ave,", Portland,['97206'],2 bd,1 ba,"1,264 sqft",1923,"$329,900","$340,506","$1,650/mo",Single Family,HOA fees$0/mo,"2017$3,051(+14%)$116,930(+3%)",
"173 NE Bridgeton Rd SLIP 18,", Portland,['97211'],2 bd,2 ba,"1,300 sqft",1979,"$200,000","$225,216","$1,895/mo",Single Family,HOA fees$0/mo,,
"5222 SW Iowa St,", Portland,['97221'],3 bd,2 ba,"1,848 sqft",1951,"$399,900","$446,378","$1,995/mo",Single Family,HOA fees$0/mo,"2017$3,991(-2%)$177,990(+3%)",(+6.6 %)
"6205 SW Corbett Ave,", Portland,['97239'],2 bd,1 ba,"1,204 sqft",1923,"$385,000","$407,333","$1,695/mo",Single Family,HOA fees$0/mo,"2017$4,608(+14%)$176,720(+3%)",
"8002 N Tyler Ave,", Portland,['97203'],3 bd,1 ba,"1,616 sqft",1928,"$394,900",,,Single Family,,,
"15842 SE Henderson Way,", Portland,['97236'],3 bd,2 ba,"1,960 sqft",1999,"$449,900","$437,401","$2,200/mo",Single Family,HOA fees$33/mo,"2017$5,868(+12.9%)$267,310(+3%)",(+6.2 %)
"7010 SE Boise St,", Portland,['97206'],3 bd,2 ba,"1,907 sqft",1904,"$465,000","$443,726","$1,925/mo",Single Family,HOA fees$0/mo,"2017$3,144(+43.7%)$95,570(+3%)",(+19.5 %)
"4611 SE Salmon St,", Portland,['97215'],3 bd,1 ba,"2,206 sqft",1901,"$330,000","$424,760","$1,995/mo",Single Family,HOA fees$0/mo,"2017$2,928(+14%)$112,190(+3%)",
"11317 SW 64th Ave,", Portland,['97219'],3 bd,2 ba,"1,146 sqft",1978,"$330,000","$339,200","$1,750/mo",Single Family,HOA fees$0/mo,"2017$4,442(+14%)$170,390(+3%)",(+2.4 %)
"8841 SE 16th Ave,", Portland,['97202'],2 bd,2 ba,"1,044 sqft",1926,"$419,000",,,Single Family,,,
"5004 SE 58th Ave,", Portland,['97206'],2 bd,1 ba,"1,164 sqft",1953,"$339,900","$355,009","$1,850/mo",Single Family,HOA fees$0/mo,"2017$3,471(+14%)$132,990(+3%)",(+1.3 %)
"8566 SE 57th Ave,", Portland,['97206'],2 bd,1 ba,"1,669 sqft",1946,"$240,000",,,Single Family,,,
"1235 N Terry St,", Portland,['97217'],4 bd,1 ba,"2,170 sqft",1928,"$260,000","$362,723","$1,995/mo",Single Family,HOA fees$0/mo,"2017$3,552(+14%)$136,120(+3%)",
,None,None,,,,,,[],[],,[],,
"2532 SW Bertha Blvd,", Portland,['97239'],3 bd,2 ba,"1,938 sqft",1963,"$459,900","$461,066","$2,115/mo",Single Family,HOA fees$0/mo,"2017$5,862(+14%)$224,850(+3%)",
"4136 SE 16th Ave,", Portland,['97202'],3 bd,2 ba,"1,512 sqft",1925,"$479,900","$476,721","$2,295/mo",Single Family,HOA fees$0/mo,"2017$4,329(+14%)$165,870(+3%)",(+1.9 %)
"6712 SE Pardee St # A,", Portland,['97206'],4 bd,1 ba,"1,728 sqft",1907,"$175,000","$173,163","$1,895/mo",Single Family,HOA fees$0/mo,"2017$1,554(+14%)$59,560(+3%)",(+21.9 %)
"7156 N Fenwick Ave,", Portland,['97217'],2 bd,1 ba,"1,500 sqft",1923,"$399,000","$404,100","$1,695/mo",Single Family,HOA fees$0/mo,"2017$2,546(+14%)$97,580(+3%)",(+0.3 %)
"2227 SW Arnold St,", Portland,['97219'],4 bd,2 ba,"2,838 sqft",1950,"$459,000","$525,986","$2,159/mo",Single Family,HOA fees$0/mo,"2017$7,195(+14%)$275,970(+3%)",(+1.7 %)
"4521 SE 58th Ave,", Portland,['97206'],3 bd,2 ba,"1,837 sqft",1909,"$429,000","$435,542","$1,795/mo",Single Family,HOA fees$0/mo,"2017$4,406(+14%)$168,830(+3%)",(+4.8 %)
,portland,97206,4.0,3.0,1995,2019,450000,"['""zestimate"":446317']","['""rentZestimate"":1333']",single family,[],"2017 $1,946 -- $47,860 --","+$161,075 (+56.5 %)"
"5941 SW Corbett Ave,", Portland,['97239'],3 bd,2 ba,"2,060 sqft",1908,"$379,129","$398,024","$1,895/mo",Single Family,HOA fees$0/mo,"2017$5,754(+14%)$220,680(+3%)",(+0.3 %)
"3446 SW Alice St,", Portland,['97219'],4 bd,3 ba,"2,154 sqft",1946,"$499,000",,,Single Family,,,
"6127 NE Hassalo St,", Portland,['97213'],2 bd,2 ba,982 sqft,1979,"$289,900","$297,586","$1,600/mo",Single Family,HOA fees$0/mo,"2017$2,686(+14%)$102,930(+3%)",(+2.9 %)
"3944 SW Condor Ave,", Portland,['97239'],4 bd,2 ba,"1,824 sqft",1900,"$419,900","$460,284","$2,195/mo",Single Family,HOA fees$0/mo,"2017$5,822(+14%)$223,300(+3%)",(+4.4 %)
"10171 SW 30th Ave,", Portland,['97219'],3 bd,3 ba,"2,015 sqft",1979,"$450,000","$470,737","$2,195/mo",Single Family,HOA fees$0/mo,"2017$6,880(+14%)$263,880(+3%)",(+4.7 %)
"3623 NE 8th Ave,", Portland,['97212'],2 bd,2 ba,"1,900 sqft",1895,"$399,000","$448,328","$1,895/mo",Single Family,HOA fees$0/mo,"2017$921(+14%)$35,300(+3%)",(+3.7 %)
"7215 SW 8th Ave,", Portland,['97219'],4 bd,3 ba,"2,437 sqft",1991,"$499,000","$512,134","$2,295/mo",Single Family,HOA fees$0/mo,"2017$8,723(+18.3%)$370,960(+3%)",(+1.2 %)
"3126 SE 151st Ave,", Portland,['97236'],5 bd,3 ba,"2,453 sqft",1981,"$399,000","$393,190","$1,980/mo",Single Family,HOA fees$0/mo,"2017$5,141(+16.5%)$234,190(+3%)",(+6.1 %)
"12406 SE Mill St,", Portland,['97233'],3 bd,2 ba,"2,679 sqft",1948,"$349,900","$373,403","$1,950/mo",Single Family,HOA fees$0/mo,"2017$4,245(+9.2%)$190,850(+3%)",(+7.2 %)
"4824 SW Arnold St,", Portland,['97219'],3 bd,2 ba,"1,656 sqft",1977,"$375,000","$396,705","$1,975/mo",Single Family,HOA fees$0/mo,"2017$5,167(+14%)$198,190(+3%)",(+0.7 %)
"2039 NE Blue Heron Dr,", Portland,['97211'],4 bd,3 ba,"1,938 sqft",1999,"$389,000","$393,725","$1,945/mo",Single Family,HOA fees$0/mo,"2017$6,231(+22.3%)$245,070(+3%)",(+2.8 %)
"618 SW Sherman St,", Portland,['97201'],2 bd,2 ba,"1,496 sqft",1896,"$365,000","$403,649","$1,995/mo",Single Family,HOA fees$0/mo,"2017$5,262(+14%)$201,830(+3%)",(+4.5 %)
"5126 N Commercial Ave,", Portland,['97217'],3 bd,2 ba,"2,154 sqft",1944,"$450,000",,,Single Family,,,
"12733 SE Salmon Ct,", Portland,['97233'],4 bd,2 ba,"2,953 sqft",1956,"$399,000","$400,458","$1,995/mo",Single Family,HOA fees$0/mo,"2017$4,328(+12.6%)$194,620(+3%)",(+5.9 %)
"10915 SW 64th Ave,", Portland,['97219'],2 bd,1 ba,764 sqft,1935,"$299,900","$305,359","$1,595/mo",Single Family,HOA fees$0/mo,"2017$2,888(+14%)$110,760(+3%)",(+2.9 %)
"8910 NE Eugene St,", Portland,['97220'],5 bd,2 ba,"2,302 sqft",1956,"$329,900","$349,169","$1,995/mo",Single Family,HOA fees$0/mo,"2017$4,120(+14%)$157,880(+3%)",(+2.7 %)
,portland,97211,2.0,,850,1926,390000,"['""zestimate"":388583']","['""rentZestimate"":1595']",single family,[],"2017 $2,623 +14% $100,520 +3%","$409,877 (+5.5 %)"
"445 NE 69th Ave,", Portland,['97213'],3 bd,2 ba,"1,946 sqft",1908,"$449,900",,,Single Family,,,
"3814 SE 33rd Pl,", Portland,['97202'],2 bd,3 ba,"1,102 sqft",1998,"$349,900","$354,559","$1,995/mo",Townhouse,HOA fees$0/mo,"2017$4,403(+14%)$168,720(+3%)",(+1.1 %)
"5715 SE 22nd Ave,", Portland,['97202'],4 bd,3 ba,"2,276 sqft",1929,"$449,900","$499,015","$2,100/mo",Single Family,HOA fees$0/mo,"2017$5,126(+14%)$196,410(+3%)",(+1.4 %)
"704 SE Umatilla St,", Portland,['97202'],3 bd,2 ba,"1,822 sqft",1926,"$480,000","$482,323","$2,350/mo",Single Family,HOA fees$0/mo,"2017$5,769(+14%)$221,050(+3%)",(+2.9 %)
,portland,97266,6.0,4.0,2998,1994,,"['""zestimate"":532828']",[],single family,[],,Unavailable
"8256 N Montana Ave,", Portland,['97217'],3 bd,1 ba,"1,448 sqft",1927,"$329,900","$355,199","$1,850/mo",Single Family,HOA fees$0/mo,"2017$3,007(+87.1%)$115,240(+69%)",(+7.1 %)
"2606 NE Fremont Dr,", Portland,['97220'],2 bd,1 ba,780 sqft,1949,"$245,000","$261,611","$1,495/mo",Single Family,HOA fees$0/mo,"2017$3,135(+14%)$120,120(+3%)",(+5.6 %)
"4424 SE 30th Ave,", Portland,['97202'],3 bd,2 ba,"1,494 sqft",1925,"$369,900","$426,666","$1,973/mo",Single Family,HOA fees$0/mo,"2017$4,057(+14%)$155,460(+3%)",
,portland,97219,2.0,2.0,924,1943,349900,"['""zestimate"":387193']","['""rentZestimate"":1995']",single family,[],"2017 $4,056 +14% $155,580 +3%","+$1,476 (+0.4 %)"
"4214 N Juneau St,", Portland,['97203'],3 bd,1.5 ba,"1,080 sqft",1984,"$265,000","$265,893","$1,750/mo",Single Family,HOA fees$0/mo,"2017$2,725(+14%)$104,410(+3%)",(+5.0 %)
"9220 SW Brier Pl,", Portland,['97219'],3 bd,1 ba,"2,356 sqft",1916,"$495,000","$471,077","$2,100/mo",Single Family,HOA fees$0/mo,"2017$3,964(+14%)$152,030(+3%)",(+11.4 %)
,portland,97266,3.0,3.0,2093,1968,250000,"['""zestimate"":385105']","['""rentZestimate"":2095']",single family,[],"2017 $3,913 +6.6% $175,930 +3%","+$5,573 (+1.5 %)"
"3333 NE Marine Dr # 54,", Portland,['97211'],2 bd,1 ba,"1,034 sqft",1976,"$199,000","$308,079","$1,495/mo",Single Family,HOA fees$0/mo,,(+0.7 %)
"6804 SE Ogden St,", Portland,['97206'],2 bd,1 ba,"1,376 sqft",1929,"$209,000","$311,480","$1,595/mo",Single Family,HOA fees$0/mo,"2017$3,207(+14%)$122,890(+3%)",
"7140 SE 112th Ave,", Portland,['97266'],3 bd,2 ba,"1,467 sqft",1970,"$299,900","$307,329","$1,800/mo",Single Family,HOA fees$0/mo,"2017$4,046(+6.6%)$181,900(+3%)",(+5.5 %)
"7101 NE Prescott St,", Portland,['97218'],5 bd,3 ba,"2,416 sqft",1927,"$499,900","$520,092","$2,100/mo",Single Family,HOA fees$0/mo,"2017$3,908(+65.4%)$103,230(+3%)",(+1.0 %)
"3906 NE Killingsworth St,", Portland,['97211'],4 bd,4 ba,"2,315 sqft",1913,"$325,000","$411,666","$1,900/mo",Single Family,HOA fees$0/mo,"2017$4,005(+14%)$153,480(+3%)",(+2.2 %)
"13640 NE Glisan St,", Portland,['97230'],3 bd,3 ba,"1,494 sqft",1992,"$355,000","$348,396","$1,895/mo",Single Family,HOA fees$0/mo,"2017$4,487(+8.6%)$205,720(+3%)",(+4.2 %)
,portland,97230,2.0,2.0,1595,1992,312000,"['""zestimate"":346384']","['""rentZestimate"":1900']",single family,"['HOA Fee"",""factValue"":""$27']","2017 $5,545 +15.1% $248,700 +3%","$365,851 (+5.6 %)"
"13837 SE Tenino St,", Portland,['97236'],3 bd,3 ba,"2,517 sqft",2000,"$500,000","$497,583","$2,125/mo",Single Family,HOA fees$0/mo,"2017$6,541(+10.7%)$294,090(+3%)",(+0.5 %)
"124 SW Woods St,", Portland,['97201'],4 bd,2 ba,"2,443 sqft",1882,"$360,000",,,Single Family,HOA fees$0/mo,"2017$5,188(+9.7%)$207,630(+3%)",
"9337 N Central St,", Portland,['97203'],2 bd,1 ba,"1,660 sqft",1925,"$295,000","$314,904","$1,797/mo",Single Family,HOA fees$0/mo,"2017$2,093(+14%)$80,210(+3%)",(+2.3 %)
"921 SE 38th Ave,", Portland,['97214'],3 bd,2 ba,"2,051 sqft",1912,"$499,900","$534,719","$2,095/mo",Single Family,HOA fees$0/mo,"2017$3,913(+14%)$149,960(+3%)",(+1.0 %)
"1236 NE 80th Ave,", Portland,['97213'],3 bd,2 ba,"1,932 sqft",1945,"$360,000","$377,157","$1,910/mo",Single Family,HOA fees$0/mo,"2017$3,908(+14%)$149,760(+3%)",(+3.9 %)
"4209 NE 68th Ave,", Portland,['97218'],3 bd,2 ba,"1,696 sqft",1947,"$350,000","$385,079","$1,895/mo",Single Family,HOA fees$0/mo,"2017$4,471(+14%)$171,320(+3%)",
"9235 N Buchanan Ave,", Portland,['97203'],2 bd,2 ba,"1,488 sqft",1923,"$349,900","$360,616","$1,700/mo",Single Family,HOA fees$0/mo,"2017$3,085(+14%)$118,220(+3%)",(+0.6 %)
"1324 SW Dolph St,", Portland,['97219'],3 bd,2 ba,"1,754 sqft",1955,"$445,000","$448,951","$1,795/mo",Single Family,HOA fees$0/mo,"2017$5,137(+14%)$197,020(+3%)",
"5405 NE Jessup St,", Portland,['97218'],4 bd,2 ba,"1,516 sqft",1964,"$435,000","$413,052","$1,995/mo",Single Family,HOA fees$0/mo,"2017$4,243(+14%)$162,590(+3%)",(+5.0 %)
"8304 SE Raymond Ct,", Portland,['97266'],2 bd,1 ba,834 sqft,1948,"$269,000","$270,807","$1,495/mo",Single Family,HOA fees$0/mo,"2017$2,618(+14%)$100,320(+3%)",(+5.4 %)
"6804 SE 76th Ave,", Portland,['97206'],4 bd,2 ba,"1,780 sqft",1947,"$374,900","$373,680","$1,995/mo",Single Family,HOA fees$0/mo,"2017$3,895(+14%)$149,250(+3%)",(+14.8 %)
"7020 SE 67th Ave,", Portland,['97206'],2 bd,1 ba,912 sqft,1954,"$299,721","$303,129","$1,695/mo",Single Family,HOA fees$0/mo,"2017$2,894(+14%)$110,880(+3%)",(+5.2 %)
"6608 SE 85th Ave,", Portland,['97266'],3 bd,1 ba,936 sqft,1954,"$199,900","$262,115","$1,695/mo",Single Family,HOA fees$0/mo,"2017$3,158(+14%)$121,010(+3%)",(+7.2 %)
"1734 SW Canby St,", Portland,['97219'],2 bd,1 ba,"1,603 sqft",1926,"$399,900","$446,000","$1,950/mo",Single Family,HOA fees$0/mo,"2017$5,662(+14%)$217,170(+3%)",(+6.4 %)
"5215 SE 78th Ave,", Portland,['97206'],3 bd,2 ba,"1,898 sqft",1915,"$449,900",,,Single Family,,,
"3139 NE 57th Ave,", Portland,['97213'],3 bd,2 ba,"2,335 sqft",1917,"$419,000",,,Single Family,HOA fees$0/mo,"2017$4,314(-12.4%)$172,480(-17.4%)",
"2451 SW Bertha Blvd,", Portland,['97239'],4 bd,2 ba,"2,006 sqft",1952,"$449,900","$486,794","$2,095/mo",Single Family,HOA fees$0/mo,"2017$6,155(+14%)$236,070(+3%)",(+5.7 %)
"9233 SE Gladstone St,", Portland,['97266'],3 bd,2 ba,920 sqft,1948,"$289,000","$285,484","$1,460/mo",Single Family,HOA fees$0/mo,"2017$2,763(+14%)$105,870(+3%)",(+2.5 %)
"705 NE 91st Ave,", Portland,['97220'],2 bd,1 ba,"1,584 sqft",1923,"$250,000","$289,190","$1,500/mo",Single Family,HOA fees$0/mo,"2017$4,429(+14%)$169,690(+3%)",(+8.6 %)
"9112 SE Harrison St,", Portland,['97216'],4 bd,2 ba,"1,972 sqft",1954,"$365,000","$373,622","$2,095/mo",Single Family,HOA fees$0/mo,"2017$4,349(+14%)$166,650(+3%)",
"1776 SE 114th Pl,", Portland,['97216'],3 bd,2 ba,"1,645 sqft",1980,"$395,000",,,Single Family,,,
"3222 NE Hancock St,", Portland,['97212'],3 bd,1 ba,"1,986 sqft",1922,"$479,500",,,Single Family,HOA fees$0/mo,"2017$4,270(+9.3%)$170,720(+3%)",
"12031 SE Oak St,", Portland,['97216'],3 bd,2 ba,"1,152 sqft",1942,"$299,000","$312,037","$1,700/mo",Single Family,HOA fees$0/mo,"2017$3,068(+6.6%)$137,930(+3%)",
"7615 SE Johnson Creek Blvd,", Portland,['97206'],3 bd,1 ba,"1,728 sqft",1953,"$319,000","$307,753","$1,750/mo",Single Family,HOA fees$0/mo,"2018$2,915--$176,735(+3%)",(+5.4 %)
,portland,97202,3.0,2.0,2545,1883,495000,"['""zestimate"":568069']","['""rentZestimate"":2200']",single family,[],"2017 $5,720 +14% $219,160 +3%","+$12,704 (+2.3 %)"
,portland,97206,3.0,5.0,1008,1956,340000,"['""zestimate"":353725']","['""rentZestimate"":1795']",single family,[],"2017 $3,564 +14% $136,550 +3%","$368,015 (+4.0 %)"
,portland,97230,3.0,2.0,1296,1954,290000,"['""zestimate"":306095']","['""rentZestimate"":1797']",single family,[],"2017 $3,395 +7.5% $155,640 +3%","+$1,784 (+0.6 %)"
,portland,97213,2.0,,1700,1920,449900,"['""zestimate"":482030']","['""rentZestimate"":2195']",single family,[],"2017 $4,702 +14% $180,160 +3%","$478,752 (-0.7 %)"
,portland,97266,2.0,2.0,1140,1937,299000,"['""zestimate"":290919']","['""rentZestimate"":1640']",single family,[],"2017 $2,665 +6.6% $119,830 +3%","$314,454 (+8.1 %)"
,portland,97214,4.0,3.0,1843,1906,499989,"['""zestimate"":540144']","['""rentZestimate"":1600']",single family,[],"2017 $4,129 +14% $158,210 +3%",-$331 (-0.1 %)
,portland,97214,2.0,,1596,1905,425000,"['""zestimate"":325389']","['""rentZestimate"":1700']",single family,[],"2017 $3,140 +14% $120,320 +3%","+$14,594 (+4.7 %)"
,portland,97203,4.0,2.1,2090,2007,430000,"['""zestimate"":429332']","['""rentZestimate"":2200']",single family,[],"2017 $4,673 +14% $179,060 +3%",-$101 (-0.0 %)
,portland,97236,3.0,2.0,2216,1960,349000,"['""zestimate"":353697']","['""rentZestimate"":1895']",single family,[],"2017 $4,906 +14.2% $220,590 +3%","$378,845 (+7.1 %)"
,portland,97231,3.0,3.0,1312,1937,499900,"['""zestimate"":520898']","['""rentZestimate"":2100']",single family,[],"2017 $5,818 +14% $223,140 +3%","$568,977 (+9.2 %)"
,portland,97236,4.0,3.5,2412,2007,433000,"['""zestimate"":450359']","['""rentZestimate"":2150']",single family,"['HOA Fee"",""factValue"":""$36']","2017 $6,854 +8% $312,260 +3%","$459,141 (+1.9 %)"
,portland,97211,2.0,2.0,1918,1942,350000,"['""zestimate"":357561']","['""rentZestimate"":1940']",single family,[],"2017 $3,530 +14% $135,280 +3%",Unavailable
,portland,97217,2.0,,944,1921,324900,"['""zestimate"":331696']","['""rentZestimate"":1695']",single family,[],"2017 $3,405 +14% $130,490 +3%","$351,830 (+6.1 %)"
,portland,97219,3.0,2.0,1136,1972,360000,"['""zestimate"":362837']","['""rentZestimate"":2175']",single family,[],"2017 $4,760 +14% $182,560 +3%","$371,980 (+2.5 %)"
,portland,97239,2.0,2.0,1170,1980,385000,"['""zestimate"":443093']","['""rentZestimate"":1895']",condo,[],,"+$3,182 (+0.7 %)"
,portland,97206,2.0,,798,1935,295000,"['""zestimate"":289641']","['""rentZestimate"":1495']",single family,[],"2017 $2,033 +14% $77,890 +3%","$310,437 (+7.2 %)"
,portland,97219,2.0,2.0,1162,1927,399000,"['""zestimate"":400648']","['""rentZestimate"":1887']",single family,[],"2017 $4,336 +14% $166,330 +3%","$395,760 (-1.2 %)"
,portland,97203,2.0,,1044,1950,319900,"['""zestimate"":327990']","['""rentZestimate"":1950']",single family,[],"2017 $2,283 +14% $87,470 +3%","$330,450 (+0.8 %)"
,portland,97217,4.0,3.0,1836,1913,469900,"['""zestimate"":455906']","['""rentZestimate"":1695']",single family,[],"2017 $2,271 +14% $87,000 +3%","+$7,668 (+1.7 %)"
,portland,97201,2.0,2.0,889,1988,398000,"['""zestimate"":389176']","['""rentZestimate"":1750']",condo,[],"2017 $5,650 +14% $216,700 +3%","+$8,530 (+2.2 %)"
,portland,97233,3.0,2.0,1320,1954,245000,"['""zestimate"":264301']","['""rentZestimate"":1771']",single family,[],"2017 $2,976 +7.6% $135,600 +3%","-$31,555 (-10.7 %)"
,portland,97211,3.0,,2385,1949,445000,"['""zestimate"":566382']","['""rentZestimate"":2350']",single family,[],"2017 $4,858 +14% $186,140 +3%","$566,778 (+0.1 %)"
,portland,97213,3.0,2.0,1542,1942,499000,"['""zestimate"":503640']","['""rentZestimate"":2150']",single family,[],"2017 $5,419 +14% $207,640 +3%","$494,272 (-1.9 %)"
,portland,97220,4.0,2.0,1760,1955,399900,"['""zestimate"":369356']","['""rentZestimate"":1930']",single family,[],"2017 $4,220 +7.5% $193,480 +3%","+$29,575 (+8.7 %)"
,portland,97219,3.0,2.0,1040,1971,342000,"['""zestimate"":329240']","['""rentZestimate"":1800']",single family,[],"2017 $4,561 +14% $174,940 +3%","$332,335 (+0.9 %)"
,portland,97230,5.0,3.0,2940,1966,380000,"['""zestimate"":401711']","['""rentZestimate"":2200']",single family,[],"2017 $8,884 +39.5% $260,230 +3%","$407,857 (+1.5 %)"
,portland,97219,3.0,3.0,1535,1992,418000,"['""zestimate"":418262']","['""rentZestimate"":1895']",single family,[],"2017 $6,814 +26.1% $278,830 +3%","-$11,891 (-2.8 %)"
,portland,97266,2.0,,1376,1939,265000,"['""zestimate"":269144']","['""rentZestimate"":1695']",single family,[],"2017 $3,854 +14% $147,680 +3%","$283,570 (+5.4 %)"
,portland,97212,3.0,,2052,1926,449000,"['""zestimate"":514067']","['""rentZestimate"":2200']",single family,[],"2017 $5,817 +14% $222,880 +3%","+$4,694 (+0.9 %)"
,portland,97221,3.0,,1460,1925,284000,"['""zestimate"":307891']","['""rentZestimate"":1567']",single family,[],"2017 $4,790 +15.8% $183,710 +3%","$308,845 (+0.3 %)"
,portland,97211,2.0,,980,1953,389000,"['""zestimate"":387814']","['""rentZestimate"":1695']",single family,[],"2017 $2,312 +14% $88,610 +3%","$392,507 (+1.2 %)"
,portland,97206,4.0,2.0,2478,1915,389000,"['""zestimate"":410181']","['""rentZestimate"":1995']",single family,[],"2017 $5,296 +14% $202,940 +3%",+$196 (+0.0 %)
,portland,97215,3.0,2.0,1859,1900,425000,"['""zestimate"":441563']","['""rentZestimate"":1995']",single family,[],"2017 $4,705 +14% $180,290 +3%","$443,683 (+0.5 %)"
,portland,97215,4.0,,1440,1950,415000,"['""zestimate"":433739']","['""rentZestimate"":1895']",single family,[],"2017 $4,795 +14% $183,710 +3%","-$29,521 (-6.4 %)"
,portland,97236,4.0,3.0,2299,2004,449000,"['""zestimate"":452166']","['""rentZestimate"":2195']",single family,[],"2017 $6,605 +13.1% $296,970 +3%","$464,013 (+2.6 %)"
,portland,97215,2.0,,2684,1923,485000,"['""zestimate"":572949']","['""rentZestimate"":2350']",single family,[],"2017 $5,190 +14% $198,870 +3%","$561,891 (-1.9 %)"
,portland,97203,4.0,2.0,2947,1906,492000,"['""zestimate"":531221']","['""rentZestimate"":2495']",single family,[],"2017 $5,036 +14% $192,980 +3%","$545,086 (+2.6 %)"
,portland,97218,3.0,2.0,1296,1995,375000,"['""zestimate"":360072']","['""rentZestimate"":1895']",single family,[],"2017 $3,543 +14% $135,750 +3%","+$7,533 (+2.1 %)"
,portland,97218,3.0,1.5,960,1978,,"['""zestimate"":307550']","['""rentZestimate"":1695']",single family,[],"2017 $3,616 +14% $138,540 +3%","$322,743 (+4.9 %)"
,portland,97214,3.0,2.0,2489,1912,499500,"['""zestimate"":530250']","['""rentZestimate"":2060']",single family,[],"2017 $5,831 +14% $223,410 +3%","$550,824 (+3.9 %)"
,portland,97220,2.0,,941,1942,225000,"['""zestimate"":230103']","['""rentZestimate"":1495']",single family,[],"2017 $1,704 +7.8% $75,580 +3%","-$1,908 (-0.8 %)"
,portland,97211,3.0,2.0,2080,1949,439900,"['""zestimate"":468983']","['""rentZestimate"":2095']",single family,[],"2017 $2,143 +14% $82,110 +3%",+$412 (+0.1 %)
,portland,97215,3.0,2.0,1785,1916,475000,"['""zestimate"":481763']","['""rentZestimate"":1995']",single family,[],"2017 $5,407 +14% $207,170 +3%","$472,369 (-1.9 %)"
,portland,97217,3.0,2.0,2179,1922,375000,"['""zestimate"":372895']","['""rentZestimate"":2210']",single family,[],"2017 $3,348 +14% $128,310 +3%","$400,004 (+7.3 %)"
,portland,97233,3.0,,1108,1964,275000,"['""zestimate"":279705']","['""rentZestimate"":1695']",single family,[],"2017 $3,113 +8.8% $139,640 +3%","$306,725 (+9.7 %)"
,portland,97218,2.0,3.0,1272,1998,329000,"['""zestimate"":330209']","['""rentZestimate"":1890']",single family,"['HOA Fee"",""factValue"":""$16']","2017 $4,540 +32.4% $173,950 +3%","-$16,089 (-4.6 %)"
,portland,97236,3.0,2.0,1682,2000,223730,"['""zestimate"":304356']","['""rentZestimate"":1600']",single family,[],"2017 $3,514 +22.4% $177,230 +4.3%","$314,765 (+3.4 %)"
,portland,97220,3.0,2.0,1530,1949,479000,"['""zestimate"":384462']","['""rentZestimate"":1849']",single family,[],"2017 $3,879 +14% $148,650 +3%","$403,916 (+5.1 %)"
,portland,97239,2.0,2.0,1552,1923,333000,"['""zestimate"":403584']","['""rentZestimate"":1695']",single family,[],"2017 $4,891 +14% $187,600 +3%","-$1,486 (-0.4 %)"
,portland,97203,2.0,,740,1905,319000,"['""zestimate"":321535']","['""rentZestimate"":1480']",single family,[],"2017 $2,092 +14% $80,160 +3%","+$38,017 (+13.4 %)"
,portland,97236,3.0,3.0,1028,2003,225000,"['""zestimate"":225373']","['""rentZestimate"":1495']",townhouse,[],"2017 $2,759 +11.8% $124,030 +3%","-$11,947 (-5.0 %)"
,portland,97216,2.0,,919,1940,265999,"['""zestimate"":263348']","['""rentZestimate"":1495']",single family,[],"2017 $2,284 +6.6% $102,710 +3%","-$13,047 (-4.7 %)"
,portland,97233,3.0,2.0,1338,1972,274900,"['""zestimate"":286050']","['""rentZestimate"":1725']",single family,[],"2017 $2,896 +6.6% $130,230 +3%","$309,134 (+8.1 %)"
,portland,97219,2.0,,750,1955,299950,"['""zestimate"":305651']","['""rentZestimate"":1595']",single family,[],"2017 $2,888 +14% $110,760 +3%","$316,960 (+3.7 %)"
,portland,97206,4.0,3.0,1715,2007,374900,"['""zestimate"":412024']","['""rentZestimate"":1950']",single family,[],"2017 $5,039 +14% $193,080 +3%","-$6,221 (-1.5 %)"
,portland,97266,5.0,3.0,2015,1996,262500,"['""zestimate"":245697']","['""rentZestimate"":1595']",multi family,[],"2017 $2,562 +6.6% $115,220 +3%","-$55,398 (-18.4 %)"
,portland,97266,4.0,2.0,2500,1970,385000,"['""zestimate"":392468']","['""rentZestimate"":1995']",single family,[],"2017 $3,710 +6.6% $166,820 +3%","$402,280 (+2.5 %)"
,portland,97217,5.0,3.0,3259,1909,499000,"['""zestimate"":604584']","['""rentZestimate"":1995']",single family,[],"2017 $3,387 +14% $129,790 +3%","$605,975 (+0.2 %)"
,portland,97236,4.0,3.0,1661,2005,329995,"['""zestimate"":320728']","['""rentZestimate"":1795']",single family,[],"2017 $4,081 +12.5% $183,470 +3%","$347,733 (+8.4 %)"
,portland,97211,3.0,2.0,2292,1929,490000,"['""zestimate"":559045']","['""rentZestimate"":2295']",single family,[],"2017 $3,179 +14% $121,810 +3%","+$6,039 (+1.1 %)"
,portland,97203,3.0,2.0,1320,2003,345000,"['""zestimate"":353461']","['""rentZestimate"":1895']",single family,[],"2017 $3,312 +14% $126,920 +3%","$376,012 (+6.4 %)"
,portland,97206,2.0,,1080,1941,395000,"['""zestimate"":395994']","['""rentZestimate"":1795']",single family,[],"2017 $4,667 +14% $178,830 +3%","+$3,431 (+0.9 %)"
,portland,97220,2.0,,858,1951,329000,"['""zestimate"":321269']","['""rentZestimate"":1500']",single family,[],"2017 $2,640 +7.5% $121,010 +3%","$350,729 (+9.2 %)"
,portland,97219,3.0,2.0,1226,1983,330000,"['""zestimate"":351681']","['""rentZestimate"":1945']",single family,[],"2017 $5,378 +15.3% $206,290 +3%","$357,554 (+1.7 %)"
,portland,97217,3.0,3.0,1433,2011,419000,"['""zestimate"":419819']","['""rentZestimate"":2045']",single family,[],"2017 $4,668 +14% $178,850 +3%","$412,430 (-1.8 %)"
,portland,97212,3.0,2.1,1303,2002,499750,"['""zestimate"":494948']","['""rentZestimate"":2095']",condo,[],"2017 $6,214 +14% $238,100 +3%","+$33,381 (+7.2 %)"
,portland,97220,3.0,2.0,1374,1942,275000,"['""zestimate"":288597']","['""rentZestimate"":1695']",single family,[],"2017 $2,064 +7.5% $94,620 +3%","$305,855 (+6.0 %)"
,portland,97220,3.0,2.0,1014,1960,342000,"['""zestimate"":327285']","['""rentZestimate"":1625']",single family,[],"2017 $2,234 +7.5% $102,440 +3%","$352,224 (+7.6 %)"
,portland,97233,3.0,2.0,1284,2000,237000,"['""zestimate"":236629']","['""rentZestimate"":1550']",townhouse,[],"2017 $3,367 +25.1% $162,640 +3%",-$590 (-0.2 %)
,portland,97219,2.0,,800,1955,399900,"['""zestimate"":404851']","['""rentZestimate"":1800']",single family,[],"2017 $4,247 +14% $162,880 +3%","+$2,537 (+0.6 %)"
,portland,97203,2.0,,724,1954,249900,"['""zestimate"":254500']","['""rentZestimate"":1450']",single family,[],"2017 $1,956 +14% $74,940 +3%","-$8,426 (-3.2 %)"
,portland,97203,4.0,2.0,2460,1924,399000,"['""zestimate"":404114']","['""rentZestimate"":1995']",single family,[],"2017 $4,067 +14% $155,850 +3%","$417,652 (+3.4 %)"
,portland,97203,2.0,,1498,1947,359900,"['""zestimate"":377814']","['""rentZestimate"":1795']",single family,[],"2017 $3,178 +14% $121,780 +3%","$392,322 (+3.8 %)"
,portland,97229,2.0,3.0,1834,1997,430000,"['""zestimate"":439165']","['""rentZestimate"":1995']",townhouse,"['HOA Fee"",""factValue"":""$85']","2018 $5,112 -- $315,560 +3%","$449,002 (+2.2 %)"
,portland,97266,2.0,,857,1949,250000,"['""zestimate"":286630']","['""rentZestimate"":1520']",single family,[],"2017 $2,672 +6.6% $120,120 +3%","+$8,000 (+2.9 %)"
,portland,97266,3.0,3.0,1692,2005,275000,"['""zestimate"":285645']","['""rentZestimate"":1608']",townhouse,[],"2017 $3,543 +23.3% $135,740 +3%","+$1,366 (+0.5 %)"
,portland,97206,2.0,,1040,1904,319900,"['""zestimate"":322734']","['""rentZestimate"":1576']",single family,[],"2017 $2,628 +14% $100,680 +3%","$322,540 (-0.1 %)"
,portland,97206,3.0,2.0,1148,1913,319000,"['""zestimate"":320148']","['""rentZestimate"":1785']",single family,[],"2017 $3,062 +14% $117,340 +3%","-$11,013 (-3.3 %)"
,portland,97211,3.0,,2592,1900,475000,"['""zestimate"":480179']","['""rentZestimate"":2170']",single family,[],"2017 $2,059 +14% $78,900 +3%","+$7,794 (+1.6 %)"
,portland,97236,3.0,2.0,1144,1998,,"['""zestimate"":307430']","['""rentZestimate"":1695']",single family,[],"2017 $3,812 +19.8% $175,900 +3%","$335,837 (+9.2 %)"
,portland,97206,3.0,3.0,1517,2018,399900,"['""zestimate"":401134']",[],single family,[],"2017 $1,309 +458.5% $50,170 +404.7%","+$3,070 (+0.8 %)"
,portland,97219,2.0,2.0,1913,1940,459900,"['""zestimate"":468329']","['""rentZestimate"":1950']",single family,[],"2017 $5,902 +14% $226,380 +3%","-$18,989 (-3.9 %)"
,portland,97206,3.0,2.0,1144,1929,359500,"['""zestimate"":349525']","['""rentZestimate"":1545']",single family,[],"2017 $2,618 +14% $100,320 +3%","$348,127 (-0.4 %)"
,portland,97206,3.0,,1489,1925,375000,"['""zestimate"":390872']","['""rentZestimate"":1795']",single family,[],"2017 $3,464 +14% $132,750 +3%","$398,572 (+2.0 %)"
,portland,97217,3.0,3.0,1988,1940,460000,"['""zestimate"":456950']","['""rentZestimate"":1995']",single family,[],"2017 $3,501 +14% $134,140 +3%","-$5,779 (-1.2 %)"
,portland,97239,2.0,,1467,1888,295950,"['""zestimate"":245275']","['""rentZestimate"":1895']",single family,[],"2017 $3,820 +14% $146,510 +3%","+$1,690 (+0.7 %)"
,portland,97203,3.0,,1598,1894,350000,"['""zestimate"":363254']","['""rentZestimate"":1850']",single family,[],"2017 $2,809 +14% $107,630 +3%","+$4,735 (+1.3 %)"
,portland,97213,2.0,,1760,1900,375000,"['""zestimate"":396356']","['""rentZestimate"":1850']",single family,[],"2017 $3,280 +14% $125,690 +3%","$407,573 (+2.8 %)"
,portland,97203,3.0,3.0,1458,2006,354900,"['""zestimate"":356224']","['""rentZestimate"":1925']",single family,[],"2017 $4,926 +14% $188,750 +3%",+$897 (+0.3 %)
,portland,97203,3.0,3.0,1503,2005,335000,"['""zestimate"":337054']","['""rentZestimate"":1750']",condo,[],"2017 $4,346 +14% $166,540 +3%","+$11,296 (+3.5 %)"
,portland,97202,3.0,2.0,2514,1929,499950,"['""zestimate"":576992']","['""rentZestimate"":2300']",single family,[],"2017 $6,631 +14% $254,090 +3%","$565,510 (-2.0 %)"
,portland,97232,3.0,2.0,2424,1913,479900,"['""zestimate"":514729']","['""rentZestimate"":2195']",single family,[],"2017 $4,697 +14% $179,970 +3%","$503,971 (-2.1 %)"
,portland,97216,3.0,3.0,1430,2007,284500,"['""zestimate"":272682']","['""rentZestimate"":1750']",townhouse,"['HOA Fee"",""factValue"":""$46']","2017 $3,319 +6.6% $149,230 +3%",+$788 (+0.3 %)
,portland,97206,3.0,2.0,1380,2002,360000,"['""zestimate"":370934']","['""rentZestimate"":1800']",single family,[],"2017 $4,411 +14% $169,000 +3%","$382,656 (+3.2 %)"
,portland,97203,3.0,2.5,1502,2001,,"['""zestimate"":351666']","['""rentZestimate"":1900']",single family,[],"2017 $3,415 +14% $130,850 +3%","+$1,685 (+0.5 %)"
,portland,97219,3.0,,960,1971,357500,"['""zestimate"":386417']","['""rentZestimate"":1825']",single family,[],"2017 $4,252 +14% $163,100 +3%","$397,778 (+2.9 %)"
,portland,97206,3.0,,888,1965,300000,"['""zestimate"":320297']","['""rentZestimate"":1750']",single family,[],"2017 $3,065 +14% $117,450 +3%","$339,227 (+5.9 %)"
,portland,97219,3.0,2.0,1375,1932,275000,"['""zestimate"":388274']","['""rentZestimate"":1895']",single family,[],"2017 $3,713 +14% $142,410 +3%","+$9,047 (+2.4 %)"
,portland,97236,3.0,3.0,1250,2004,219900,"['""zestimate"":228718']","['""rentZestimate"":1500']",townhouse,[],"2017 $2,933 +6.6% $131,890 +3%","$246,947 (+8.0 %)"
,portland,97219,4.0,4.0,2065,2018,499900,"['""zestimate"":534858']",[],single family,[],"2017 $4,213 -- $51,040 --","-$1,362 (-0.3 %)"
,portland,97213,3.0,2.0,2047,1910,495000,"['""zestimate"":526450']","['""rentZestimate"":2200']",single family,[],"2017 $4,120 +14% $157,880 +3%","$516,290 (-1.9 %)"
,portland,97216,3.0,,1040,1960,318000,"['""zestimate"":316604']","['""rentZestimate"":1650']",single family,[],"2017 $2,991 +6.6% $134,480 +3%","$336,993 (+6.4 %)"
,portland,97219,2.0,,1154,1941,380000,"['""zestimate"":380948']","['""rentZestimate"":1880']",single family,[],"2017 $3,878 +14% $148,720 +3%","$411,195 (+7.9 %)"
,portland,97266,4.0,2.0,1544,1991,344950,"['""zestimate"":346886']","['""rentZestimate"":1950']",single family,[],"2017 $4,561 +27.2% $174,780 +3%","+$6,738 (+2.0 %)"
,portland,97218,3.0,2.0,1009,1940,325000,"['""zestimate"":338367']","['""rentZestimate"":1690']",single family,[],"2017 $2,593 +14% $99,350 +3%","$363,542 (+7.4 %)"
,portland,97229,3.0,3.0,1744,2019,489990,"['""zestimate"":509237']","['""rentZestimate"":2100']",single family,"['HOA Fee"",""factValue"":""$100']",,Unavailable
,portland,97220,3.0,2.0,1316,1948,399900,"['""zestimate"":380167']","['""rentZestimate"":1895']",single family,[],"2017 $3,283 +14% $125,810 +3%","$408,147 (+7.4 %)"
,portland,97206,2.0,,704,1952,269900,"['""zestimate"":272092']","['""rentZestimate"":1495']",single family,[],"2017 $2,550 +14% $97,700 +3%","$287,084 (+5.5 %)"
,portland,97206,2.0,,1044,1910,335000,"['""zestimate"":355530']","['""rentZestimate"":1795']",single family,[],"2017 $3,878 +14% $148,610 +3%","$361,716 (+1.7 %)"
,portland,97206,3.0,2.0,1289,2003,,"['""zestimate"":316204']","['""rentZestimate"":1795']",single family,[],"2017 $4,250 +14% $162,850 +3%",+$550 (+0.2 %)
,portland,97217,3.0,2.0,2150,1906,499900,"['""zestimate"":501834']","['""rentZestimate"":1995']",single family,[],"2017 $1,307 +14% $50,070 +3%","+$3,095 (+0.6 %)"
,portland,97219,3.0,2.0,1852,1979,469000,"['""zestimate"":466949']","['""rentZestimate"":2050']",single family,[],"2017 $6,472 +14% $248,250 +3%","$462,560 (-0.9 %)"
,portland,97217,3.0,2.0,1824,1954,459000,"['""zestimate"":489095']","['""rentZestimate"":2295']",single family,[],"2017 $4,119 +14% $157,830 +3%","+$2,558 (+0.5 %)"
,portland,97266,2.0,,832,1955,329000,"['""zestimate"":305979']","['""rentZestimate"":1495']",single family,[],"2017 $2,712 +6.6% $121,940 +3%","+$5,750 (+1.9 %)"
,portland,97201,3.0,2.0,1800,1889,500000,"['""zestimate"":513987']","['""rentZestimate"":1500']",multi family,[],"2017 $7,054 +14% $270,550 +3%","+$36,635 (+7.7 %)"
,portland,97206,2.0,,1522,1907,349900,"['""zestimate"":359585']","['""rentZestimate"":1700']",single family,[],"2017 $3,196 +14% $122,480 +3%","$388,316 (+8.0 %)"
,portland,97236,3.0,2.0,1320,1981,321000,"['""zestimate"":320996']","['""rentZestimate"":1750']",single family,[],"2017 $3,867 +11.6% $176,180 +3%","$351,940 (+9.6 %)"
,portland,97219,4.0,2.0,1824,1980,475000,"['""zestimate"":465848']","['""rentZestimate"":2066']",single family,[],"2017 $6,368 +14% $244,230 +3%","$477,727 (+2.5 %)"
,portland,97230,3.0,3.0,1258,1985,279900,"['""zestimate"":296350']","['""rentZestimate"":1795']",single family,[],"2017 $3,853 +10.8% $172,800 +3%","$322,992 (+9.0 %)"
,portland,97203,2.0,,720,1919,285000,"['""zestimate"":314115']","['""rentZestimate"":1450']",single family,[],"2017 $2,909 +14% $111,470 +3%","$327,528 (+4.3 %)"
,portland,97215,2.0,,1222,1925,474900,"['""zestimate"":460233']","['""rentZestimate"":1655']",single family,[],"2017 $2,866 +14% $109,820 +3%","+$56,645 (+14.0 %)"
,portland,97217,2.0,,--,1923,300000,"['""zestimate"":325999']","['""rentZestimate"":1805']",single family,[],"2017 $3,335 +14% $127,780 +3%","$319,349 (-2.0 %)"
,portland,97211,3.0,2.0,1350,1997,394500,"['""zestimate"":400751']","['""rentZestimate"":2095']",single family,[],"2017 $4,119 +14% $157,840 +3%","$391,333 (-2.4 %)"
,portland,97230,3.0,,1302,1955,275000,"['""zestimate"":291270']","['""rentZestimate"":1795']",single family,[],"2017 $3,514 +8.9% $161,120 +3%","+$3,806 (+1.3 %)"
,portland,97211,2.0,,1629,1941,437000,"['""zestimate"":456636']","['""rentZestimate"":1850']",single family,[],"2017 $3,917 +30.7% $150,090 +18.1%","$454,490 (-0.5 %)"
,portland,97266,4.0,2.0,1612,1962,389000,"['""zestimate"":353145']","['""rentZestimate"":1895']",single family,[],"2017 $3,967 +14% $152,020 +3%","+$2,226 (+0.6 %)"
,portland,97233,4.0,2.0,1296,1968,299900,"['""zestimate"":303232']","['""rentZestimate"":1795']",single family,[],"2017 $3,611 +7.6% $164,520 +3%","-$1,702 (-0.6 %)"
,portland,97266,4.0,3.0,1923,2018,440000,"['""zestimate"":403194']","['""rentZestimate"":2100']",single family,[],,"+$5,214 (+1.3 %)"
,portland,97206,3.0,,996,1971,325000,"['""zestimate"":330784']","['""rentZestimate"":1750']",single family,[],"2017 $3,081 +14% $118,040 +3%","-$4,742 (-1.4 %)"
,portland,97266,4.0,3.0,2184,1939,450000,"['""zestimate"":435068']","['""rentZestimate"":1995']",single family,[],"2017 $5,869 +14% $224,870 +3%","$470,439 (+8.1 %)"
,portland,97206,2.0,2.0,1009,1922,469900,"['""zestimate"":420581']","['""rentZestimate"":1595']",single family,[],"2017 $4,930 +14% $188,910 +3%",Unavailable
,portland,97202,2.0,,1849,1946,430000,"['""zestimate"":442549']","['""rentZestimate"":1995']",single family,[],"2017 $5,780 +14% $221,480 +3%","$441,089 (-0.3 %)"
,portland,97203,2.0,2.0,1328,2004,325000,"['""zestimate"":333061']","['""rentZestimate"":1850']",single family,[],"2017 $3,326 +14% $127,460 +3%","-$24,463 (-6.8 %)"
,portland,97239,2.0,,943,1965,214900,"['""zestimate"":221640']","['""rentZestimate"":1395']",condo,[],"2017 $2,807 +14% $107,660 +3%","$240,280 (+8.4 %)"
,portland,97212,2.0,,1524,1926,495000,"['""zestimate"":495965']","['""rentZestimate"":2150']",single family,[],"2017 $5,146 +14% $197,200 +3%","$528,451 (+6.6 %)"
,portland,97239,2.0,1.1,1184,2000,355000,"['""zestimate"":382286']","['""rentZestimate"":1750']",single family,[],"2017 $6,016 +14% $230,730 +3%",+$792 (+0.2 %)
,portland,97206,3.0,2.0,1496,2018,404500,"['""zestimate"":404797']",[],townhouse,"['HOA Fee"",""factValue"":""$50']","2017 $2,632 -- $40,660 --","+$2,458 (+0.6 %)"
,portland,97220,3.0,3.0,1568,2015,338000,"['""zestimate"":333376']","['""rentZestimate"":1799']",single family,[],"2017 $3,141 +7.5% $144,020 +3%",+$295 (+0.1 %)
,portland,97266,3.0,2.0,1040,1998,317000,"['""zestimate"":317975']","['""rentZestimate"":1650']",single family,[],"2017 $3,241 +14% $124,200 +3%","$331,012 (+4.1 %)"
,portland,97236,3.0,2.1,1490,2008,262000,"['""zestimate"":269126']","['""rentZestimate"":1595']",condo,[],,Unavailable
,portland,97202,3.0,3.0,1740,1994,430000,"['""zestimate"":439539']","['""rentZestimate"":2100']",single family,[],"2017 $7,115 +15.2% $272,630 +3%","$440,638 (+0.3 %)"
,portland,97214,3.0,2.0,2228,1906,425000,"['""zestimate"":439923']","['""rentZestimate"":2025']",single family,[],"2017 $3,339 +14% $127,960 +3%","$433,852 (-1.4 %)"
,portland,97202,3.0,,960,1975,365000,"['""zestimate"":354312']","['""rentZestimate"":1725']",single family,[],"2017 $3,267 +14% $125,190 +3%","$359,308 (+1.4 %)"
,portland,97203,3.0,2.0,1716,1965,359900,"['""zestimate"":384796']","['""rentZestimate"":1495']",single family,[],"2017 $45 +8.6% $2,460 +2.9%","+$1,322 (+0.3 %)"
,portland,97220,2.0,,856,1927,249900,"['""zestimate"":254842']","['""rentZestimate"":1500']",single family,[],"2017 $1,775 +7.5% $81,390 +3%","-$7,116 (-2.7 %)"
,portland,97220,3.0,3.0,2888,1957,374900,"['""zestimate"":393342']","['""rentZestimate"":2095']",single family,[],"2017 $4,921 +14% $188,580 +3%","$413,206 (+5.1 %)"
,portland,97206,5.0,3.0,2258,1969,375000,"['""zestimate"":387183']","['""rentZestimate"":1990']",single family,[],"2017 $4,276 +14% $163,850 +3%","+$1,567 (+0.4 %)"
,portland,97219,3.0,,960,1971,368500,"['""zestimate"":372021']","['""rentZestimate"":1829']",single family,[],"2017 $4,408 +14% $169,080 +3%","$375,853 (+1.0 %)"
,portland,97211,3.0,,1553,1910,449900,"['""zestimate"":453462']","['""rentZestimate"":2100']",single family,[],"2017 $4,352 +14% $166,750 +3%","-$14,048 (-3.0 %)"
,portland,97220,3.0,2.0,1626,1984,349000,"['""zestimate"":357229']","['""rentZestimate"":1949']",single family,[],"2017 $4,464 +7.5% $204,670 +3%","$367,053 (+2.8 %)"
,portland,97233,3.0,2.0,1069,1987,304990,"['""zestimate"":313085']","['""rentZestimate"":1495']",single family,[],"2017 $2,261 +8.8% $101,390 +3%","$344,174 (+9.9 %)"
,portland,97220,3.0,,965,1925,309997,"['""zestimate"":318265']","['""rentZestimate"":1549']",single family,[],"2017 $2,003 +6.6% $90,080 +3%","+$1,839 (+0.6 %)"
,portland,97219,3.0,2.0,1744,1970,379900,"['""zestimate"":448417']","['""rentZestimate"":1945']",single family,[],"2017 $5,472 +14% $209,880 +3%","$449,717 (+0.3 %)"
,portland,97219,3.0,,960,1969,359900,"['""zestimate"":361857']","['""rentZestimate"":1800']",single family,[],"2017 $4,540 +14% $174,120 +3%","$370,433 (+2.4 %)"
,portland,97203,3.0,,1160,1954,348000,"['""zestimate"":350994']","['""rentZestimate"":1795']",single family,[],"2017 $3,101 +14% $118,840 +3%","$368,614 (+5.0 %)"
,portland,97220,4.0,2.0,2172,1964,415000,"['""zestimate"":418363']","['""rentZestimate"":2115']",single family,[],"2017 $4,953 +14% $189,780 +3%","$432,880 (+3.5 %)"
,portland,97219,2.0,3.0,1616,2011,399000,"['""zestimate"":405670']","['""rentZestimate"":1995']",single family,[],"2017 $6,058 +14% $232,340 +3%","$395,893 (-2.4 %)"
,portland,97266,3.0,,1032,1964,285000,"['""zestimate"":285051']","['""rentZestimate"":1695']",single family,[],"2017 $3,284 +14% $125,820 +3%","$301,128 (+5.6 %)"
,portland,97220,4.0,2.0,2288,1954,410000,"['""zestimate"":399583']","['""rentZestimate"":2095']",single family,[],"2017 $4,756 +6.6% $213,860 +3%","$433,867 (+8.6 %)"
,portland,97220,3.0,,1276,1954,299900,"['""zestimate"":301460']","['""rentZestimate"":1600']",single family,[],"2017 $2,745 +7.5% $125,840 +3%",+$850 (+0.3 %)
,portland,97219,4.0,2.0,2500,1974,399500,"['""zestimate"":458758']","['""rentZestimate"":2098']",single family,[],"2017 $6,822 +18.1% $252,620 +3%","$451,188 (-1.7 %)"
,portland,97227,4.0,,1512,1900,469500,"['""zestimate"":465045']","['""rentZestimate"":2000']",single family,[],"2017 $3,081 +14% $118,040 +3%","$462,069 (-0.6 %)"
,portland,97213,2.0,,2015,1939,350000,"['""zestimate"":378081']","['""rentZestimate"":1895']",single family,[],"2017 $3,747 +14% $143,560 +3%",+$951 (+0.3 %)
,portland,97219,3.0,3.0,1549,2012,399900,"['""zestimate"":411878']","['""rentZestimate"":1995']",townhouse,[],"2017 $5,182 +14% $198,770 +3%","-$19,729 (-4.6 %)"
,portland,97213,4.0,,2174,1945,474900,"['""zestimate"":522547']","['""rentZestimate"":2200']",single family,[],"2017 $5,100 +14% $195,400 +3%","-$10,016 (-1.9 %)"
,portland,97211,2.0,,1564,1942,449900,"['""zestimate"":446513']","['""rentZestimate"":1895']",single family,[],"2017 $3,827 +14% $146,640 +3%","+$2,477 (+0.6 %)"
,portland,97203,3.0,,2031,1925,424900,"['""zestimate"":418741']","['""rentZestimate"":1895']",single family,[],"2017 $2,844 +14% $108,970 +3%","$460,866 (+10.1 %)"
,portland,97203,4.0,,2184,1893,350000,"['""zestimate"":320777']","['""rentZestimate"":1995']",single family,[],"2017 $3,547 +14% $135,900 +3%","$319,590 (-0.4 %)"
,portland,97203,3.0,,1416,1962,379900,"['""zestimate"":381828']","['""rentZestimate"":1795']",single family,[],"2017 $3,104 +14% $118,920 +3%","$420,622 (+10.2 %)"
,portland,97236,3.0,,864,1963,299900,"['""zestimate"":268574']","['""rentZestimate"":1595']",single family,[],"2017 $3,070 +6.6% $138,020 +3%","$295,915 (+10.2 %)"
,portland,97217,3.0,3.0,1635,2018,495000,"['""zestimate"":522058']","['""rentZestimate"":2200']",townhouse,[],,"+$1,937 (+0.4 %)"
,portland,97215,2.0,2.0,2300,1926,479900,"['""zestimate"":669591']","['""rentZestimate"":2583']",single family,[],"2017 $6,509 +14% $249,420 +3%","+$77,008 (+13.0 %)"
,portland,97266,3.0,,1444,1908,372900,"['""zestimate"":356755']","['""rentZestimate"":1600']",single family,[],"2017 $2,113 -23.3% $80,980 -30.7%",+$649 (+0.2 %)
,portland,97203,3.0,,888,1962,345000,"['""zestimate"":348330']","['""rentZestimate"":1700']",single family,[],"2017 $2,499 +14% $95,750 +3%","$348,086 (-0.1 %)"
,portland,97219,3.0,3.0,1968,1997,489000,"['""zestimate"":499517']","['""rentZestimate"":1895']",townhouse,[],,"$505,911 (+1.3 %)"
,portland,97266,3.0,2.0,1294,1998,176000,"['""zestimate"":216339']","['""rentZestimate"":1595']",townhouse,[],"2017 $3,081 +13.7% $138,520 +3%","+$1,670 (+0.8 %)"
,portland,97206,4.0,2.0,3860,1970,500000,"['""zestimate"":527510']","['""rentZestimate"":1995']",single family,[],"2017 $6,101 +14% $233,790 +3%","$563,328 (+6.8 %)"
,portland,97219,3.0,3.0,2012,1991,470000,"['""zestimate"":464261']","['""rentZestimate"":2250']",single family,[],"2017 $7,715 +25.6% $315,980 +3%","$465,932 (+0.4 %)"
,portland,97217,3.0,2.0,1932,1920,429950,"['""zestimate"":445203']","['""rentZestimate"":2025']",single family,[],"2017 $3,887 +14% $148,930 +3%","$483,579 (+8.6 %)"
,portland,97236,5.0,2.0,2200,1956,359900,"['""zestimate"":365346']","['""rentZestimate"":1849']",single family,[],"2017 $4,089 +7.6% $186,290 +3%","$380,033 (+4.0 %)"
,portland,97206,2.0,2.0,900,1950,339000,"['""zestimate"":336854']","['""rentZestimate"":1495']",single family,[],"2017 $2,406 +14% $92,180 +3%","$355,549 (+5.5 %)"
,portland,97218,3.0,2.0,2260,1949,325000,[],"['""rentZestimate"":1785']",single family,[],"2017 $4,717 +9.3% $188,580 +3%",Unavailable
,portland,97229,,,,,464990,"['""zestimate"":466820']",[],"thursday 11:00am - 5:30pm, friday 12:00pm - 5:30pm, saturday - monday 11:00am - 5:30pm",[],,Unavailable
,portland,97236,3.0,,946,1965,289900,"['""zestimate"":291843']","['""rentZestimate"":1650']",single family,[],"2017 $2,418 +6.6% $108,720 +3%","$319,977 (+9.6 %)"
,portland,97236,4.0,2.0,1241,1942,310000,"['""zestimate"":303340']","['""rentZestimate"":1375']",multi family,[],"2017 $2,578 +6.6% $115,920 +3%","$326,091 (+7.5 %)"
,portland,97266,4.0,2.0,1508,1951,330000,"['""zestimate"":330401']","['""rentZestimate"":1795']",single family,[],"2017 $3,695 +6.6% $166,140 +3%","$352,769 (+6.8 %)"
,portland,97211,3.0,,1900,1944,499000,"['""zestimate"":504503']","['""rentZestimate"":1995']",single family,[],"2017 $4,018 +14% $153,950 +3%","+$56,729 (+12.7 %)"
,portland,97236,4.0,3.0,1799,2003,359440,"['""zestimate"":359034']","['""rentZestimate"":1953']",single family,[],"2017 $3,383 +6.6% $152,130 +3%","$391,024 (+8.9 %)"
,portland,97217,4.0,2.0,2358,1952,487000,"['""zestimate"":517512']","['""rentZestimate"":2315']",single family,[],"2017 $3,762 +14% $144,170 +3%","+$3,290 (+0.6 %)"
,portland,97206,2.0,,690,1949,299500,"['""zestimate"":295132']","['""rentZestimate"":1525']",single family,[],"2017 $2,728 +14% $104,540 +3%","+$13,470 (+4.8 %)"
,portland,97211,2.0,3.0,1778,2012,449500,"['""zestimate"":470976']","['""rentZestimate"":1995']",single family,[],"2017 $2,037 +14% $78,060 +3%","$484,069 (+2.8 %)"
,portland,97203,3.0,2.0,2696,1910,459000,"['""zestimate"":444172']","['""rentZestimate"":1995']",single family,[],"2017 $3,671 +14% $140,650 +3%","-$9,891 (-2.2 %)"
,portland,97206,4.0,,1299,1902,279000,"['""zestimate"":276397']","['""rentZestimate"":1700']",single family,[],"2017 $2,606 +14% $99,860 +3%","$298,232 (+7.9 %)"
,portland,97206,2.0,2.0,1244,1932,299999,"['""zestimate"":338454']","['""rentZestimate"":1795']",single family,[],"2017 $3,449 +31.1% $114,890 +3%","-$3,434 (-1.0 %)"
,portland,97236,4.0,3.0,2683,1999,499900,"['""zestimate"":449651']","['""rentZestimate"":2250']",single family,"['HOA Fee"",""factValue"":""$26']","2017 $6,453 +13.6% $295,910 +3%","$445,559 (-0.9 %)"
,portland,97216,4.0,3.0,1692,2018,389000,[],[],single family,[],,Unavailable
,portland,97213,3.0,2.0,1656,1927,485000,[],"['""rentZestimate"":1850']",single family,[],"2017 $5,032 +33.6% $192,820 +20.7%",Unavailable
,portland,97206,3.0,2.0,1230,1947,,"['""zestimate"":332501']","['""rentZestimate"":1795']",single family,[],"2017 $3,318 +14% $127,130 +3%",-$300 (-0.1 %)
,portland,97220,2.0,,741,2004,188888,"['""zestimate"":182775']","['""rentZestimate"":1230']",apartment,[],"2017 $1,916 +6.6% $86,130 +3%",+$601 (+0.3 %)
,portland,97206,3.0,2.0,1118,1957,335500,"['""zestimate"":334910']","['""rentZestimate"":1795']",single family,[],"2017 $3,148 +14% $120,640 +3%","+$38,579 (+13.0 %)"
,portland,97266,2.0,1.1,896,1985,189900,"['""zestimate"":201356']","['""rentZestimate"":1450']",single family,[],"2017 $2,134 +6.6% $95,970 +3%","+$15,762 (+8.5 %)"
,portland,97203,2.0,,1130,1905,389900,"['""zestimate"":394210']","['""rentZestimate"":1795']",single family,[],"2017 $2,903 +14% $111,220 +3%","+$1,387 (+0.4 %)"
,portland,97236,2.0,,1023,1950,257960,"['""zestimate"":262332']","['""rentZestimate"":1540']",single family,[],"2017 $2,578 +7.6% $117,450 +3%","$276,445 (+5.4 %)"
,portland,97236,,,,,481750,"['""zestimate"":455138']","['""rentZestimate"":2150']",mon 11-5 ; tue 11-5 ; wed by appt ; thu by appt ; fri 12-5 ; sat 11-5 ; sun 11-5,[],,"-$2,071 (-0.5 %)"
,portland,97233,3.0,3.0,1568,2019,339900,"['""zestimate"":305361']","['""rentZestimate"":1650']",condo,[],,Unavailable
,portland,97206,3.0,2.0,1978,1912,479000,"['""zestimate"":436809']","['""rentZestimate"":1995']",single family,[],"2017 $3,522 +14% $134,970 +3%","$437,115 (+0.1 %)"
,portland,97203,3.0,3.0,1576,2006,379900,"['""zestimate"":387287']","['""rentZestimate"":1995']",single family,[],"2017 $4,769 +14% $182,740 +3%",-$496 (-0.1 %)
,portland,97202,2.0,,1840,1909,499950,"['""zestimate"":505259']","['""rentZestimate"":1900']",single family,[],"2017 $3,238 +14% $124,070 +3%","$495,154 (-2.0 %)"
,portland,97219,3.0,3.0,1644,1990,465000,"['""zestimate"":458593']","['""rentZestimate"":2095']",single family,[],"2017 $6,774 +14% $259,810 +3%","-$1,665 (-0.4 %)"
,portland,97213,2.0,,792,1925,347900,"['""zestimate"":353488']","['""rentZestimate"":1595']",single family,[],"2017 $2,427 +14% $93,000 +3%","$348,080 (-1.5 %)"
,portland,97218,3.0,3.0,1710,2016,429900,"['""zestimate"":425668']","['""rentZestimate"":1950']",single family,[],"2017 $6,396 +14% $245,080 +3%","+$1,668 (+0.4 %)"
,portland,97233,3.0,,912,1965,299000,"['""zestimate"":288216']","['""rentZestimate"":1650']",single family,[],"2017 $3,063 +8.6% $137,710 +3%",+$563 (+0.2 %)
,portland,97236,3.0,3.0,1818,2001,390000,"['""zestimate"":396907']","['""rentZestimate"":2195']",single family,[],"2017 $4,738 +6.6% $213,040 +3%","$429,533 (+8.2 %)"
,portland,97211,3.0,,1400,1911,449500,"['""zestimate"":454238']","['""rentZestimate"":2100']",single family,[],"2017 $1,278 +14% $48,960 +3%","+$16,463 (+3.8 %)"
,portland,97206,,,,,499999,"['""zestimate"":597636']","['""rentZestimate"":1950']",m: 7:00 am-7:00 pm; tu: 7:00 am-7:00 pm; w: 7:00 am-7:00 pm; th: 7:00 am-7:00 pm; f: 7:00 am-7:00 pm;,[],,"-$112,228 (-15.8 %)"
,portland,97236,3.0,3.0,1559,2008,289950,"['""zestimate"":283900']","['""rentZestimate"":1625']",townhouse,[],"2017 $3,095 +6.6% $139,140 +3%","+$6,630 (+2.4 %)"
,portland,97230,2.0,2.0,1469,1992,369000,"['""zestimate"":358940']","['""rentZestimate"":1895']",single family,"['HOA Fee"",""factValue"":""$27']","2017 $5,265 +18.4% $236,120 +3%","$368,847 (+2.8 %)"
,portland,97236,4.0,2.0,1802,1968,320000,"['""zestimate"":330259']","['""rentZestimate"":1800']",single family,[],"2017 $4,219 +6.6% $189,710 +3%","$353,773 (+7.1 %)"
,portland,97230,2.0,,1355,1951,269000,"['""zestimate"":275327']","['""rentZestimate"":1795']",single family,[],"2017 $3,533 +7.5% $161,970 +3%","-$11,041 (-3.9 %)"
,portland,97233,3.0,,882,1961,,"['""zestimate"":291789']","['""rentZestimate"":1650']",single family,[],"2017 $5,108 +18.6% $131,860 +3%","$319,538 (+9.5 %)"
,portland,97233,4.0,2.0,1716,1956,299900,"['""zestimate"":295425']","['""rentZestimate"":1750']",single family,[],"2017 $3,275 +7.6% $149,220 +3%",+$965 (+0.3 %)
,portland,97206,3.0,2.0,1008,1953,337500,"['""zestimate"":324750']","['""rentZestimate"":1595']",single family,[],"2017 $1,676 +14% $64,240 +3%","+$98,948 (+43.8 %)"
,portland,97266,3.0,3.0,1544,2018,389000,"['""zestimate"":334741']",[],condo,[],,Unavailable
,portland,97217,4.0,2.0,2013,1943,449900,"['""zestimate"":454475']","['""rentZestimate"":2195']",single family,[],"2017 $3,714 +14% $142,320 +3%","+$5,242 (+1.2 %)"
,portland,97236,3.0,,912,1963,299900,"['""zestimate"":285125']","['""rentZestimate"":1650']",single family,[],"2017 $2,986 +7.6% $136,040 +3%","$312,155 (+9.5 %)"
,portland,97203,3.0,2.0,2228,1954,499000,"['""zestimate"":526468']","['""rentZestimate"":2595']",single family,[],"2017 $3,630 +26.7% $139,100 +14.4%","$513,043 (-2.6 %)"
,portland,97266,4.0,3.0,1608,1997,399000,"['""zestimate"":367732']","['""rentZestimate"":1950']",single family,[],"2017 $5,415 +36.6% $207,500 +12.8%","$383,544 (+4.3 %)"
,portland,97236,3.0,,1334,1956,289500,"['""zestimate"":283253']","['""rentZestimate"":1695']",single family,[],"2017 $3,063 +6.6% $137,710 +3%","+$22,956 (+8.8 %)"
,portland,97229,3.0,3.0,1397,2019,449990,"['""zestimate"":458378']",[],single family,"['HOA Fee"",""factValue"":""$100']",,Unavailable
,portland,97230,3.0,2.0,1430,1973,308000,"['""zestimate"":323964']","['""rentZestimate"":1800']",single family,[],"2017 $3,955 +8.8% $177,350 +3%","+$3,536 (+1.1 %)"
,portland,97215,3.0,,923,1951,429000,"['""zestimate"":418376']","['""rentZestimate"":1795']",single family,[],"2017 $4,050 +20.4% $155,170 +8.7%","$446,198 (+6.6 %)"
,portland,97213,2.0,,1792,1924,379900,"['""zestimate"":460967']","['""rentZestimate"":1895']",single family,[],"2017 $2,683 +14% $102,790 +3%","+$40,690 (+9.7 %)"
,portland,97206,4.0,3.0,1890,1916,419900,"['""zestimate"":426971']","['""rentZestimate"":1930']",single family,[],"2017 $5,049 +14% $193,480 +3%","$436,194 (+2.2 %)"
,portland,97203,3.0,3.0,1793,2007,369000,"['""zestimate"":374026']","['""rentZestimate"":1995']",single family,"['HOA Fee"",""factValue"":""$98']","2017 $4,529 +14% $173,540 +3%","$408,736 (+9.3 %)"
,portland,97213,3.0,2.0,2412,1949,419900,"['""zestimate"":478564']","['""rentZestimate"":2150']",single family,[],"2017 $4,960 +14% $190,070 +3%",+$486 (+0.1 %)
,portland,97220,3.0,,960,1955,319900,"['""zestimate"":325726']","['""rentZestimate"":1650']",single family,[],"2017 $3,071 +14% $117,680 +3%","$352,468 (+8.2 %)"
,portland,97233,3.0,,2000,1956,334900,"['""zestimate"":333536']","['""rentZestimate"":1895']",single family,[],"2017 $3,776 +6.6% $169,770 +3%","$358,918 (+7.6 %)"
,portland,97213,3.0,,1336,1926,499000,"['""zestimate"":432334']","['""rentZestimate"":1995']",single family,[],"2017 $4,086 +14% $156,580 +3%","+$10,414 (+2.5 %)"
,portland,97212,2.0,,1656,1908,454950,"['""zestimate"":472974']","['""rentZestimate"":1950']",single family,[],"2017 $2,227 +14% $85,320 +3%","+$6,393 (+1.4 %)"
,portland,97230,4.0,3.0,2672,1962,415000,"['""zestimate"":406743']","['""rentZestimate"":1950']",single family,[],"2017 $4,368 +6.6% $196,410 +3%","+$47,396 (+13.2 %)"
,portland,97233,3.0,2.0,1516,1967,330000,"['""zestimate"":330689']","['""rentZestimate"":1875']",single family,[],"2017 $4,081 +7.6% $185,920 +3%","$363,295 (+9.9 %)"
,portland,97230,3.0,2.0,1402,1975,339500,"['""zestimate"":341891']","['""rentZestimate"":1900']",single family,[],"2017 $3,961 +7.5% $181,600 +3%","$376,525 (+10.1 %)"
,portland,97266,3.0,2.0,1834,1953,349000,"['""zestimate"":342806']","['""rentZestimate"":1850']",single family,[],"2017 $3,542 +6.6% $159,260 +3%","$361,352 (+5.4 %)"
,portland,97266,3.0,2.0,2054,1912,412900,"['""zestimate"":401005']","['""rentZestimate"":1850']",single family,[],"2017 $3,501 +14% $134,140 +3%","$425,867 (+6.2 %)"
,portland,97219,3.0,3.0,1594,2014,449900,"['""zestimate"":431121']","['""rentZestimate"":1995']",townhouse,[],"2017 $6,642 +14.6% $254,760 +3%","$428,189 (-0.7 %)"
,portland,97217,3.0,,1039,1951,349000,"['""zestimate"":356436']","['""rentZestimate"":1895']",single family,[],"2017 $2,725 +14% $104,410 +3%","$357,612 (+0.3 %)"
,portland,97233,3.0,2.0,1349,1949,319900,"['""zestimate"":313683']","['""rentZestimate"":1645']",single family,[],"2017 $2,729 +6.6% $122,710 +3%","$329,744 (+5.1 %)"
,portland,97233,3.0,2.0,1130,1963,324900,"['""zestimate"":322116']","['""rentZestimate"":1750']",single family,[],"2017 $3,152 +7.6% $143,580 +3%","$352,556 (+9.5 %)"
,portland,97216,5.0,,3360,1925,340000,"['""zestimate"":348196']","['""rentZestimate"":1995']",single family,[],"2017 $4,332 +9.3% $194,770 +3%","-$37,285 (-9.7 %)"
,portland,97266,4.0,2.0,2192,1954,289999,[],"['""rentZestimate"":1875']",single family,[],"2017 $4,441 +2.7% $207,340 +3%",Unavailable
,portland,97220,3.0,2.0,2240,1927,425000,"['""zestimate"":404782']","['""rentZestimate"":1895']",single family,[],"2017 $2,904 +6.6% $130,570 +3%","$419,799 (+3.7 %)"
,portland,97233,3.0,,1176,1972,279900,"['""zestimate"":288598']","['""rentZestimate"":1650']",single family,[],"2017 $2,983 +7.6% $135,890 +3%","$311,051 (+7.8 %)"
,portland,97236,4.0,3.0,1838,1976,324000,"['""zestimate"":351876']","['""rentZestimate"":1895']",single family,[],"2017 $4,778 +12.8% $217,650 +3%","$358,175 (+1.8 %)"
,portland,97206,2.0,,1936,1949,424900,"['""zestimate"":450950']","['""rentZestimate"":1895']",single family,[],"2017 $4,025 +14% $154,250 +3%","$457,038 (+1.4 %)"
,portland,97220,4.0,2.0,2408,1951,439900,"['""zestimate"":411652']","['""rentZestimate"":1995']",single family,[],"2017 $4,075 +6.6% $183,240 +3%","$425,031 (+3.3 %)"
,portland,97206,3.0,,937,1963,285000,"['""zestimate"":292283']","['""rentZestimate"":1750']",single family,[],"2017 $2,928 +14% $112,190 +3%","$320,810 (+9.8 %)"
,portland,97206,3.0,,936,1954,325000,[],"['""rentZestimate"":1600']",single family,[],"2016 $2,762 -- $117,130 +3%",Unavailable
,portland,97206,2.0,,1726,1923,399999,"['""zestimate"":453006']","['""rentZestimate"":1875']",single family,[],"2017 $4,323 +14% $165,660 +3%","$477,514 (+5.4 %)"
,portland,97266,3.0,2.0,1654,1949,335000,"['""zestimate"":342894']","['""rentZestimate"":1925']",single family,[],"2017 $4,037 +9.2% $181,510 +3%","$364,805 (+6.4 %)"
,portland,97230,2.0,2.0,1572,1979,325000,"['""zestimate"":328271']","['""rentZestimate"":1849']",single family,"['HOA Fee"",""factValue"":""$60']","2017 $4,352 +8.8% $195,200 +3%","$340,384 (+3.7 %)"
,portland,97213,3.0,2.0,1400,1950,449900,"['""zestimate"":453035']","['""rentZestimate"":1550']",multi family,[],"2017 $3,606 +14% $138,190 +3%","-$17,675 (-3.8 %)"
,portland,97216,5.0,2.0,2686,1958,475000,"['""zestimate"":444441']","['""rentZestimate"":1995']",single family,[],"2017 $5,188 +6.6% $233,280 +3%","$446,530 (+0.5 %)"
,portland,97230,3.0,3.0,2856,1955,475000,"['""zestimate"":466557']","['""rentZestimate"":2250']",single family,[],"2017 $6,220 +7.5% $285,140 +3%","$489,605 (+4.9 %)"
,portland,97203,3.0,2.0,2453,1912,450000,"['""zestimate"":450534']","['""rentZestimate"":2240']",single family,[],"2017 $4,844 +14% $185,610 +3%","$461,887 (+2.5 %)"
,portland,97211,3.0,,880,1981,349000,"['""zestimate"":334340']","['""rentZestimate"":1680']",single family,[],"2017 $3,084 +14% $118,190 +3%","$357,777 (+7.0 %)"
,portland,97230,5.0,2.1,1892,1966,389900,"['""zestimate"":389250']","['""rentZestimate"":2095']",single family,[],"2017 $4,603 +12.9% $211,030 +3%","$407,428 (+4.7 %)"
,portland,97206,4.0,3.0,1676,2007,372000,"['""zestimate"":365128']","['""rentZestimate"":1850']",single family,[],"2017 $4,540 +263.3% $54,600 +3%","$388,642 (+6.4 %)"
,portland,97216,4.0,3.0,3089,1930,475000,"['""zestimate"":463980']","['""rentZestimate"":1995']",single family,[],"2017 $5,117 +14% $196,060 +3%","$467,877 (+0.8 %)"
,portland,97203,3.0,,960,1972,325000,"['""zestimate"":341839']","['""rentZestimate"":1695']",single family,[],"2017 $3,098 +14% $118,700 +3%","$337,293 (-1.3 %)"
,portland,97233,3.0,2.0,1781,1951,319995,"['""zestimate"":323501']","['""rentZestimate"":1695']",single family,[],"2017 $3,263 +6.6% $146,710 +3%","$353,360 (+9.2 %)"
,portland,97236,3.0,2.0,1524,2000,262000,"['""zestimate"":259400']","['""rentZestimate"":1680']",condo,[],"2017 $3,605 +21.4% $162,070 +3%","$284,925 (+9.8 %)"
,portland,97215,3.0,3.0,2600,1958,485000,"['""zestimate"":505725']","['""rentZestimate"":1995']",single family,[],"2017 $5,266 +14% $201,760 +3%","$531,972 (+5.2 %)"
,portland,97206,3.0,,1540,1909,409950,"['""zestimate"":450394']","['""rentZestimate"":1900']",single family,[],"2017 $5,634 +14% $215,890 +3%","$439,945 (-2.3 %)"
,portland,97233,4.0,2.0,1850,1947,329000,"['""zestimate"":324957']","['""rentZestimate"":1795']",single family,[],"2017 $3,714 +11.5% $166,990 +3%","$345,852 (+6.4 %)"
,portland,97206,5.0,,2524,1921,459000,"['""zestimate"":488718']","['""rentZestimate"":2095']",single family,[],"2017 $4,697 +14% $179,970 +3%","$482,902 (-1.2 %)"
,portland,97220,3.0,2.0,1368,1961,360000,"['""zestimate"":366778']","['""rentZestimate"":1910']",single family,[],"2017 $4,224 +7.5% $193,640 +3%","$382,659 (+4.3 %)"
,portland,97203,4.0,2.0,2462,1944,430000,"['""zestimate"":477799']","['""rentZestimate"":2095']",single family,[],"2017 $4,272 +14% $163,700 +3%","+$4,319 (+0.9 %)"
,portland,97229,4.0,3.0,1484,2019,459990,"['""zestimate"":473371']",[],single family,"['HOA Fee"",""factValue"":""$100']",,Unavailable
,portland,97230,3.0,2.0,1265,1972,335000,"['""zestimate"":335661']","['""rentZestimate"":1775']",single family,[],"2017 $3,961 +13.7% $181,600 +3%","$365,636 (+8.9 %)"
,portland,97266,4.0,3.0,2629,1971,419900,"['""zestimate"":415183']","['""rentZestimate"":2250']",single family,[],"2017 $5,226 +10.5% $234,960 +3%","$441,672 (+6.4 %)"
,portland,97217,3.0,2.0,2068,1944,469900,"['""zestimate"":471218']","['""rentZestimate"":2150']",single family,[],"2017 $3,659 +14% $140,190 +3%","+$2,064 (+0.4 %)"
,portland,97213,3.0,,1852,1946,355000,"['""zestimate"":405770']","['""rentZestimate"":1950']",single family,[],"2017 $4,158 +14% $159,320 +3%","$413,236 (+1.8 %)"
,portland,97206,4.0,2.0,2220,1901,449500,"['""zestimate"":451922']","['""rentZestimate"":1995']",single family,[],"2017 $3,682 +23.5% $130,240 +3%","$466,835 (+3.3 %)"
,portland,97266,4.0,,1450,1950,290000,"['""zestimate"":319510']","['""rentZestimate"":1710']",single family,[],"2017 $3,517 +6.6% $158,150 +3%","$341,652 (+6.9 %)"
,portland,97220,3.0,2.0,1213,1996,305500,"['""zestimate"":308261']","['""rentZestimate"":1795']",single family,[],"2017 $3,703 +7.5% $169,780 +3%","$323,674 (+5.0 %)"
,portland,97211,3.0,2.0,1200,1922,474888,"['""zestimate"":457695']","['""rentZestimate"":1395']",single family,[],"2017 $2,927 +14% $112,160 +3%","$453,027 (-1.0 %)"
,portland,97216,4.0,3.0,2574,1966,399000,"['""zestimate"":407449']","['""rentZestimate"":2250']",single family,[],"2017 $5,308 +13.6% $238,650 +3%","$433,281 (+6.3 %)"
,portland,97217,3.0,3.0,1550,2018,410000,"['""zestimate"":432203']","['""rentZestimate"":2078']",single family,[],,Unavailable
,portland,97203,4.0,2.0,1596,1925,,"['""zestimate"":462120']","['""rentZestimate"":2200']",single family,[],"2017 $3,981 +14% $152,560 +3%","$453,756 (-1.8 %)"
,portland,97236,3.0,3.0,1186,2002,319900,"['""zestimate"":313538']","['""rentZestimate"":1689']",single family,[],"2017 $3,469 +7.7% $155,980 +3%","+$2,916 (+0.9 %)"
,portland,97216,3.0,2.0,2329,1964,379900,"['""zestimate"":381311']","['""rentZestimate"":2095']",single family,[],"2017 $3,811 +6.6% $171,370 +3%","$396,220 (+3.9 %)"
,portland,97203,3.0,3.0,1346,1997,399000,"['""zestimate"":400972']","['""rentZestimate"":1995']",single family,[],"2017 $4,902 +14% $187,820 +3%","$411,277 (+2.6 %)"
,portland,97230,3.0,3.0,2158,1995,345000,"['""zestimate"":363738']","['""rentZestimate"":1900']",single family,[],"2017 $4,909 +16.7% $227,590 +3%","$370,322 (+1.8 %)"
,portland,97213,2.0,,1492,1941,399900,"['""zestimate"":400449']","['""rentZestimate"":1895']",single family,[],"2017 $3,451 +14% $132,220 +3%","$393,561 (-1.7 %)"
,portland,97216,2.0,2.0,948,1997,260000,"['""zestimate"":278413']","['""rentZestimate"":1495']",single family,[],"2017 $3,559 +11.5% $160,000 +3%","-$18,000 (-6.1 %)"
,portland,97220,5.0,3.0,2801,1959,389500,"['""zestimate"":401667']","['""rentZestimate"":2250']",single family,[],"2017 $4,954 +7.5% $227,120 +3%","$439,825 (+9.5 %)"
,portland,97217,2.0,2.0,2128,1925,449000,[],"['""rentZestimate"":1950']",single family,[],"2017 $4,547 +14% $174,240 +3%",Unavailable
,portland,97233,4.0,2.0,1728,1970,352900,"['""zestimate"":337357']","['""rentZestimate"":1395']",multi family,[],"2017 $3,875 +12% $173,780 +3%","-$3,389 (-1.0 %)"
,portland,97206,2.0,,807,1921,275000,"['""zestimate"":277827']","['""rentZestimate"":1500']",single family,[],"2017 $2,171 +14% $83,180 +3%","$296,608 (+6.8 %)"
,portland,97229,,,,,387995,"['""zestimate"":397908']",[],mon - sun: 10am - 5pm,[],,Unavailable
,portland,97215,3.0,,1737,1926,380000,"['""zestimate"":387544']","['""rentZestimate"":1895']",single family,[],"2017 $3,645 +14% $139,680 +3%","$390,218 (+0.7 %)"
,portland,97211,3.0,2.0,1720,2000,375000,"['""zestimate"":381243']","['""rentZestimate"":1900']",townhouse,[],"2017 $4,124 +14% $158,010 +3%","-$8,790 (-2.3 %)"
,portland,97213,8.0,3.0,3040,1910,449900,"['""zestimate"":528055']","['""rentZestimate"":2095']",single family,[],"2017 $6,019 +14% $230,640 +3%","$524,781 (-0.6 %)"
,portland,97217,3.0,3.0,1688,2005,439000,"['""zestimate"":441805']","['""rentZestimate"":2095']",single family,[],"2017 $5,015 +14% $192,170 +3%","$448,874 (+1.6 %)"
,portland,97206,3.0,3.0,1398,2000,355000,"['""zestimate"":354905']","['""rentZestimate"":1795']",single family,[],"2017 $4,255 +14% $163,050 +3%","$387,663 (+9.2 %)"
,portland,97236,6.0,3.0,3875,1948,439999,"['""zestimate"":437453']","['""rentZestimate"":1495']",multi family,[],,"+$11,639 (+2.7 %)"
,portland,97229,,,,,289990,"['""zestimate"":284843']","['""rentZestimate"":1550']","saturday - thursday 11:00am - 5:30pm, friday 12:00pm - 5:30pm",[],,Unavailable
,portland,97206,3.0,,980,1990,,"['""zestimate"":320241']","['""rentZestimate"":1720']",single family,[],"2017 $3,566 +14% $136,650 +3%","$328,215 (+2.5 %)"
,portland,97206,3.0,3.0,1502,2007,334000,"['""zestimate"":339064']","['""rentZestimate"":1850']",single family,[],"2017 $4,068 +14% $155,860 +3%","$355,780 (+4.9 %)"
,portland,97236,3.0,3.0,1144,2002,319900,"['""zestimate"":312925']","['""rentZestimate"":1695']",single family,[],"2017 $3,461 +7.7% $155,640 +3%","+$4,179 (+1.4 %)"
,portland,97220,4.0,2.0,2304,1958,365000,"['""zestimate"":374213']","['""rentZestimate"":1995']",single family,[],"2017 $3,475 +7.5% $159,320 +3%","-$1,756 (-0.5 %)"
,portland,97216,4.0,2.0,1706,1972,374500,"['""zestimate"":374833']","['""rentZestimate"":1950']",single family,[],"2017 $3,819 +14% $146,330 +3%","$394,549 (+5.3 %)"
,portland,97236,3.0,4.0,3503,1991,459947,"['""zestimate"":501754']","['""rentZestimate"":2095']",single family,"['HOA Fee"",""factValue"":""$15']","2017 $7,669 +11.7% $382,020 +3%","+$2,709 (+0.5 %)"
,portland,97233,3.0,2.0,1197,1982,323500,"['""zestimate"":312079']","['""rentZestimate"":1759']",single family,[],"2017 $3,360 +7.6% $153,050 +3%","+$11,443 (+3.8 %)"
,portland,97203,2.0,,838,1943,335000,"['""zestimate"":340114']","['""rentZestimate"":1395']",single family,[],"2017 $2,062 +14% $79,010 +3%","$341,372 (+0.4 %)"
,portland,97206,2.0,,612,1940,314995,"['""zestimate"":313850']","['""rentZestimate"":1595']",single family,[],"2017 $2,847 +14% $109,100 +3%","$334,595 (+6.6 %)"
,portland,97236,4.0,2.0,1632,1958,319000,"['""zestimate"":321220']","['""rentZestimate"":1750']",single family,[],"2017 $3,766 +7.6% $171,580 +3%","$342,260 (+6.6 %)"
,portland,97206,4.0,3.0,1965,2018,499900,"['""zestimate"":491308']","['""rentZestimate"":2000']",single family,[],,"+$15,048 (+3.2 %)"
,portland,97236,4.0,,2058,1954,349000,"['""zestimate"":351274']","['""rentZestimate"":1800']",single family,[],"2017 $3,601 +6.6% $161,930 +3%","$362,480 (+3.2 %)"
,portland,97203,3.0,3.0,1899,2007,460000,"['""zestimate"":460954']","['""rentZestimate"":2100']",single family,[],"2017 $5,488 +14% $210,300 +3%","$468,099 (+1.6 %)"
,portland,97213,4.0,2.0,1440,1967,465000,"['""zestimate"":453039']","['""rentZestimate"":1495']",multi family,[],"2017 $4,286 +14% $164,220 +3%","$442,075 (-2.4 %)"
,portland,97223,4.0,3.0,1832,1986,429000,"['""zestimate"":435607']","['""rentZestimate"":2000']",single family,[],"2018 $5,190 -- $252,720 +3%","$448,762 (+3.0 %)"
,portland,97239,3.0,3.0,2252,2005,474900,"['""zestimate"":501035']","['""rentZestimate"":2200']",townhouse,[],"2017 $6,844 +14% $262,500 +3%","$528,241 (+5.4 %)"
,portland,97239,4.0,4.0,2315,2005,499900,"['""zestimate"":511045']","['""rentZestimate"":2360']",townhouse,[],"2017 $7,605 +14% $291,690 +3%","+$4,783 (+0.9 %)"
,portland,97206,3.0,,936,1954,320000,"['""zestimate"":329343']","['""rentZestimate"":1695']",single family,[],"2017 $3,445 +14% $132,000 +3%","$343,110 (+4.2 %)"
,portland,97220,3.0,2.0,1944,1954,385000,"['""zestimate"":371030']","['""rentZestimate"":1945']",single family,[],"2017 $3,633 +7.5% $166,540 +3%","+$12,913 (+3.6 %)"
,portland,97236,3.0,3.0,2467,1988,445900,"['""zestimate"":449822']","['""rentZestimate"":2250']",single family,"['HOA Fee"",""factValue"":""$14']","2017 $6,415 +12.6% $303,450 +3%","$460,618 (+2.4 %)"
,portland,97216,5.0,3.0,2085,1950,409900,"['""zestimate"":380101']","['""rentZestimate"":1695']",multi family,[],"2017 $3,746 +14% $143,540 +3%","+$10,201 (+2.8 %)"
,portland,97236,4.0,3.0,2467,1968,449000,"['""zestimate"":392129']","['""rentZestimate"":1895']",single family,[],"2017 $4,604 +14.8% $209,720 +3%","$424,519 (+8.3 %)"
,portland,97236,4.0,3.0,2365,1998,449500,"['""zestimate"":422597']","['""rentZestimate"":2250']",single family,"['HOA Fee"",""factValue"":""$17']",,"+$2,066 (+0.5 %)"
,portland,97202,2.0,,1872,1914,425000,"['""zestimate"":425577']","['""rentZestimate"":1950']",single family,[],"2017 $4,039 +14% $154,770 +3%","-$2,498 (-0.6 %)"
,portland,97233,2.0,,1472,1955,325000,"['""zestimate"":324781']","['""rentZestimate"":1345']",multi family,[],"2017 $3,804 +10.4% $171,020 +3%","-$1,628 (-0.5 %)"
,portland,97206,2.0,,680,1951,385000,"['""zestimate"":346794']","['""rentZestimate"":1495']",single family,[],"2017 $2,196 +38.8% $69,120 +3%","$350,747 (+1.1 %)"
,portland,97229,,,,,334990,"['""zestimate"":342333']","['""rentZestimate"":1695']","saturday - thursday 11:00am - 5:30pm, friday 12:00pm - 5:30pm",[],,"+$2,269 (+0.7 %)"
,portland,97220,2.0,,727,1947,250000,"['""zestimate"":253759']","['""rentZestimate"":1375']",single family,[],"2017 $1,353 +7.3% $58,040 +3%","+$1,168 (+0.5 %)"
,portland,97233,3.0,2.0,1860,1961,390000,"['""zestimate"":364366']","['""rentZestimate"":1895']",single family,[],"2017 $4,574 +11.7% $205,660 +3%","$391,548 (+7.5 %)"
,portland,97220,3.0,3.0,1564,1947,365000,"['""zestimate"":357717']","['""rentZestimate"":1910']",single family,[],"2017 $3,080 +7.5% $141,210 +3%","$384,331 (+7.4 %)"
,portland,97239,3.0,3.0,2262,2005,484900,"['""zestimate"":509675']","['""rentZestimate"":2300']",townhouse,[],"2017 $7,901 +14% $303,060 +3%","+$1,167 (+0.2 %)"
,portland,97213,4.0,2.0,1440,1967,465000,"['""zestimate"":453039']","['""rentZestimate"":1495']",multi family,[],"2017 $4,286 +14% $164,220 +3%","$442,075 (-2.4 %)"
"11220 SW 66th Ave,", Portland,['97223'],4 bd,3 ba,"1,832 sqft",1986,"$429,000","$435,607","$2,000/mo",Single Family,HOA fees$0/mo,"2018$5,190--$252,720(+3%)",(+3.0 %)
"4932 SW Slavin Rd,", Portland,['97239'],3 bd,3 ba,"2,252 sqft",2005,"$474,900","$501,035","$2,200/mo",Townhouse,HOA fees$0/mo,"2017$6,844(+14%)$262,500(+3%)",(+5.4 %)
"4920 SW Slavin Rd,", Portland,['97239'],4 bd,4 ba,"2,315 sqft",2005,"$499,900","$511,045","$2,360/mo",Townhouse,HOA fees$0/mo,"2017$7,605(+14%)$291,690(+3%)",(+0.9 %)
"7616 SE Henry St,", Portland,['97206'],3 bd,1 ba,936 sqft,1954,"$320,000","$329,343","$1,695/mo",Single Family,HOA fees$0/mo,"2017$3,445(+14%)$132,000(+3%)",(+4.2 %)
"11127 NE San Rafael St,", Portland,['97220'],3 bd,2 ba,"1,944 sqft",1954,"$385,000","$371,030","$1,945/mo",Single Family,HOA fees$0/mo,"2017$3,633(+7.5%)$166,540(+3%)",(+3.6 %)
"7880 SE 141st Ave,", Portland,['97236'],3 bd,3 ba,"2,467 sqft",1988,"$445,900","$449,822","$2,250/mo",Single Family,HOA fees$14/mo,"2017$6,415(+12.6%)$303,450(+3%)",(+2.4 %)
"2203 SE 85th Ave,", Portland,['97216'],5 bd,3 ba,"2,085 sqft",1950,"$409,900","$380,101","$1,695/mo",Multi Family,HOA fees$0/mo,"2017$3,746(+14%)$143,540(+3%)",(+2.8 %)
"3830 SE 153rd Ave,", Portland,['97236'],4 bd,3 ba,"2,467 sqft",1968,"$449,000","$392,129","$1,895/mo",Single Family,HOA fees$0/mo,"2017$4,604(+14.8%)$209,720(+3%)",(+8.3 %)
"4426 SE Anderegg Loop,", Portland,['97236'],4 bd,3 ba,"2,365 sqft",1998,"$449,500","$422,597","$2,250/mo",Single Family,HOA fees$17/mo,,(+0.5 %)
"2928 SE Tacoma St,", Portland,['97202'],2 bd,1 ba,"1,872 sqft",1914,"$425,000","$425,577","$1,950/mo",Single Family,HOA fees$0/mo,"2017$4,039(+14%)$154,770(+3%)",
"13332 SE Sherman St,", Portland,['97233'],2 bd,-- ba,"1,472 sqft",1955,"$325,000","$324,781","$1,345/mo",Multi Family,HOA fees$0/mo,"2017$3,804(+10.4%)$171,020(+3%)",
"8405 SE 66th Ave,", Portland,['97206'],2 bd,1 ba,680 sqft,1951,"$385,000","$346,794","$1,495/mo",Single Family,HOA fees$0/mo,"2017$2,196(+38.8%)$69,120(+3%)",(+1.1 %)
,portland,97229,,,,,334990,"['""zestimate"":342333']","['""rentZestimate"":1695']","saturday - thursday 11:00am - 5:30pm, friday 12:00pm - 5:30pm",[],,"+$2,269 (+0.7 %)"
"5114 NE 109th Ave,", Portland,['97220'],2 bd,1 ba,727 sqft,1947,"$250,000","$253,759","$1,375/mo",Single Family,HOA fees$0/mo,"2017$1,353(+7.3%)$58,040(+3%)",(+0.5 %)
"13644 SE Lincoln Ct,", Portland,['97233'],3 bd,2 ba,"1,860 sqft",1961,"$390,000","$364,366","$1,895/mo",Single Family,HOA fees$0/mo,"2017$4,574(+11.7%)$205,660(+3%)",(+7.5 %)
"11640 NE Knott St,", Portland,['97220'],3 bd,3 ba,"1,564 sqft",1947,"$365,000","$357,717","$1,910/mo",Single Family,HOA fees$0/mo,"2017$3,080(+7.5%)$141,210(+3%)",(+7.4 %)
"4936 SW Slavin Rd,", Portland,['97239'],3 bd,3 ba,"2,262 sqft",2005,"$484,900","$509,675","$2,300/mo",Townhouse,HOA fees$0/mo,"2017$7,901(+14%)$303,060(+3%)",(+0.2 %)
"3830 SE 91st Ave,", Portland,['97266'],3 bd,2 ba,"2,034 sqft",1955,"$389,900","$392,522","$2,000/mo",Single Family,HOA fees$0/mo,"2017$4,612(+14%)$176,720(+3%)",(+5.6 %)
"7603 SE Ellis St,", Portland,['97206'],4 bd,1 ba,"2,468 sqft",1913,"$479,500",,,Single Family,,,
,portland,97229,,,,,387995,"['""zestimate"":385449']","['""rentZestimate"":1750']",mon - sun: 10am - 5pm,[],,"-$9,188 (-2.3 %)"
"14509 SE Stephens St,", Portland,['97233'],3 bd,2 ba,"1,257 sqft",1952,"$309,900","$303,718","$1,631/mo",Single Family,HOA fees$0/mo,"2017$2,552(+7.6%)$116,260(+3%)",(+2.7 %)
"7706 SE 104th Ave,", Portland,['97266'],4 bd,2 ba,"1,600 sqft",1986,"$389,900","$378,544","$1,800/mo",Single Family,HOA fees$0/mo,"2017$4,007(+9.7%)$180,180(+3%)",(+6.7 %)
"11325 NE Morris St,", Portland,['97220'],4 bd,3 ba,"1,748 sqft",2001,"$389,000","$391,376","$2,095/mo",Single Family,HOA fees$0/mo,"2017$4,325(+7.5%)$198,300(+3%)",(+5.0 %)
,portland,97229,,,,,499995,"['""zestimate"":495599']","['""rentZestimate"":1995']",mon - sun: 10am - 5pm,[],,"-$25,705 (-4.9 %)"
,portland,97206,3.0,2.0,1144,1977,356000,"['""zestimate"":342029']","['""rentZestimate"":1795']",single family,[],"2017 $4,553 +14% $174,470 +3%","$342,610 (+0.2 %)"
"1405 SE 159th Ave,", Portland,['97233'],3 bd,1 ba,"1,200 sqft",1963,"$294,950","$298,252","$1,745/mo",Single Family,HOA fees$0/mo,"2017$3,582(+7.6%)$163,200(+3%)",(+8.9 %)
"2232 SE 76th Ave,", Portland,['97215'],4 bd,3 ba,"2,208 sqft",2006,"$465,000","$456,119","$1,995/mo",Townhouse,HOA fees$100/mo,"2017$5,967(+14%)$228,660(+3%)",
"14612 SE Rachel Ln,", Portland,['97236'],4 bd,3 ba,"1,824 sqft",2004,"$375,000","$356,428","$1,995/mo",Single Family,HOA fees$0/mo,"2017$4,047(+15%)$184,350(+3%)",(+9.7 %)
,portland,97217,3.0,,1065,1937,409000,"['""zestimate"":404990']","['""rentZestimate"":1980']",single family,[],"2017 $2,873 +14% $110,090 +3%","$409,121 (+1.0 %)"
"15806 SE Henderson Way,", Portland,['97236'],4 bd,3 ba,"2,142 sqft",2004,"$425,000",,,Single Family,,,
"6873 N Hudson St,", Portland,['97203'],3 bd,1 ba,952 sqft,1954,"$357,000","$362,148","$1,795/mo",Single Family,HOA fees$0/mo,"2017$2,981(+14%)$114,230(+3%)",(+3.8 %)
"11109 SE Flavel St,", Portland,['97266'],3 bd,3 ba,"3,416 sqft",1994,"$445,000",,,Single Family,,,
"5037 N Cecelia St,", Portland,['97203'],3 bd,3 ba,"1,530 sqft",2006,"$379,500","$364,083","$2,095/mo",Single Family,HOA fees$98/mo,"2017$3,271(+14%)$125,340(+3%)",(+7.5 %)
"1909 SE 80th Ave,", Portland,['97215'],3 bd,2 ba,"1,342 sqft",1987,"$425,000","$419,056","$1,895/mo",Single Family,HOA fees$0/mo,"2017$4,905(+14%)$187,960(+3%)",(+4.3 %)
"3157 N Terry St,", Portland,['97217'],2 bd,3 ba,"1,964 sqft",2007,"$499,000","$534,021","$2,500/mo",Single Family,HOA fees$0/mo,"2017$6,049(+14%)$231,780(+3%)",
,portland,97217,4.0,3.0,1830,2018,499999,"['""zestimate"":514107']","['""rentZestimate"":2500']",single family,[],,Unavailable
"11417 SE Clinton Ct,", Portland,['97266'],4 bd,3 ba,"1,960 sqft",2006,"$384,900","$379,025","$2,095/mo",Single Family,HOA fees$0/mo,"2017$4,399(+8.9%)$197,810(+3%)",(+4.2 %)
,portland,97229,,,,,499995,"['""zestimate"":515451']",[],mon - sun: 10am - 5pm,[],,"+$9,432 (+1.9 %)"
"025 SW Slavin Rd APT 5,", Portland,['97239'],2 bd,4 ba,"1,893 sqft",2005,"$399,000",,,Condo,,,
"630 SE 134th Ave,", Portland,['97233'],3 bd,1 ba,"1,544 sqft",1962,"$299,000",,,Single Family,HOA fees$0/mo,"2017$3,127(+8.4%)$145,990(+3%)",
"9714 SE Ankeny St,", Portland,['97216'],3 bd,2 ba,"1,274 sqft",1964,"$329,900","$334,365","$1,795/mo",Single Family,HOA fees$0/mo,"2017$2,928(+6.6%)$131,650(+3%)",(+7.6 %)
"4314 SE 75th Ave,", Portland,['97206'],3 bd,2 ba,"2,095 sqft",1961,"$495,000","$491,766","$1,995/mo",Single Family,HOA fees$0/mo,"2017$4,489(+14%)$172,020(+3%)",(+1.5 %)
"6540 SE Woodstock Blvd,", Portland,['97206'],4 bd,2 ba,"1,753 sqft",1981,"$449,900","$453,718","$1,495/mo",Multi Family,HOA fees$0/mo,"2017$5,567(+14%)$213,300(+3%)",(+1.7 %)
"5745 E Burnside St,", Portland,['97215'],2 bd,3 ba,"1,091 sqft",2017,"$459,900","$464,205","$1,795/mo",Townhouse,HOA fees$50/mo,"2017$5,600(+2814.5%)$105,760(+1197.7%)",(+0.3 %)
"905 N Harbour Dr UNIT 4,", Portland,['97217'],4 bd,4 ba,"2,630 sqft",2000,"$485,000","$490,612","$2,150/mo",Condo,HOA fees$0/mo,"2017$10,881(+11.8%)$425,160(+3%)",
"4810 SW 2nd Ave,", Portland,['97239'],3 bd,3 ba,"1,644 sqft",1998,"$419,950","$424,814","$1,795/mo",Townhouse,HOA fees$32/mo,"2017$6,501(+14%)$249,360(+3%)",
"8517 NE Brazee St,", Portland,['97220'],5 bd,5 ba,"3,843 sqft",2004,"$484,999","$532,907","$2,095/mo",Single Family,HOA fees$0/mo,"2017$7,533(+14%)$288,650(+3%)",(+5.3 %)
"9944 SE Division St,", Portland,['97266'],3 bd,2 ba,"1,341 sqft",2017,"$312,000","$314,306","$1,650/mo",Single Family,HOA fees$0/mo,"2017$3,754(+85.4%)$143,850(+67.5%)",
"3638 NE 158th Ave,", Portland,['97230'],3 bd,3 ba,"1,286 sqft",2003,"$249,900","$252,634","$1,600/mo",Condo,HOA fees$23/mo,"2017$3,407(+16.5%)$152,800(+3%)",(+0.2 %)
"15783 SE Clatsop St,", Portland,['97236'],3 bd,2 ba,"2,106 sqft",1951,"$469,000","$496,469","$1,995/mo",Single Family,HOA fees$0/mo,"2017$5,177(+7.6%)$235,850(+3%)",
"4234 SE 113th Ave,", Portland,['97266'],2 bd,1 ba,784 sqft,1950,"$274,900","$280,123","$1,495/mo",Single Family,HOA fees$0/mo,"2017$2,418(+6.6%)$108,740(+3%)",
"1438 SE 174th Ave,", Portland,['97233'],2 bd,2 ba,"1,200 sqft",1956,"$289,900","$288,935","$1,740/mo",Single Family,HOA fees$0/mo,"2017$2,987(+8.8%)$133,970(+3%)",(+9.3 %)
,portland,97229,,,,,284990,"['""zestimate"":269776']","['""rentZestimate"":1533']","saturday - thursday 11:00am - 5:30pm, friday 12:00pm - 5:30pm",[],,"-$2,799 (-1.0 %)"
,portland,97229,,,,,329990,"['""zestimate"":357833']",[],"thursday 11:00am - 5:30pm, friday 12:00pm - 5:30pm, saturday - monday 11:00am - 5:30pm",[],,Unavailable
"1377 N Humboldt St,", Portland,['97217'],2 bd,3 ba,"1,051 sqft",2018,"$414,900",,,Condo,,,
"4400 SE 101st Ave,", Portland,['97266'],4 bd,2 ba,"2,290 sqft",1951,"$422,000","$414,462","$2,195/mo",Single Family,HOA fees$0/mo,"2017$5,097(+14%)$195,290(+3%)",(+7.3 %)
"550 NE 148th Ave,", Portland,['97230'],6 bd,4 ba,"3,459 sqft",1960,"$429,900","$456,426","$1,899/mo",Single Family,HOA fees$0/mo,,(+0.2 %)
"4720 SE Cesar E Chavez Blvd,", Portland,['97202'],4 bd,2 ba,"1,480 sqft",1966,"$475,000","$457,013","$1,475/mo",Multi Family,HOA fees$0/mo,"2017$4,531(+14%)$173,630(+3%)",(+0.4 %)
"9103 SE Knapp St,", Portland,['97266'],2 bd,1 ba,"1,226 sqft",1948,"$369,000","$365,818","$1,715/mo",Single Family,HOA fees$0/mo,"2017$4,400(+14%)$168,590(+3%)",(+4.3 %)
,portland,97229,,,,,492995,"['""zestimate"":484024']",[],mon - sun: 10am - 5pm,[],,Unavailable
"7506 N Columbia Blvd,", Portland,['97203'],2 bd,1 ba,936 sqft,1948,"$300,000","$312,357","$1,695/mo",Single Family,HOA fees$0/mo,"2017$2,652(+14%)$101,610(+3%)",
"3207 SE 162nd Ave,", Portland,['97236'],3 bd,1 ba,960 sqft,1966,"$285,000","$287,443","$1,650/mo",Single Family,HOA fees$0/mo,"2017$2,848(+7.6%)$129,730(+3%)",(+5.9 %)
"6136 SE Harney St,", Portland,['97206'],3 bd,1 ba,"1,572 sqft",1953,"$374,999","$375,642","$1,905/mo",Single Family,HOA fees$0/mo,"2017$3,504(+14%)$134,270(+3%)",(+5.3 %)
"2258 NE 153rd Ave,", Portland,['97230'],2 bd,2 ba,"1,298 sqft",1984,"$322,500","$330,441","$1,790/mo",Single Family,HOA fees$27/mo,"2017$4,958(+19.3%)$222,350(+3%)",(+4.3 %)
,portland,97229,,,,,489990,"['""zestimate"":495806']",[],"thursday 11:00am - 5:30pm, friday 12:00pm - 5:30pm, saturday - monday 11:00am - 5:30pm",[],,Unavailable
,portland,97236,,,,,475900,"['""zestimate"":456182']","['""rentZestimate"":2150']",mon 11-5 ; tue 11-5 ; wed by appt ; thu by appt ; fri 12-5 ; sat 11-5 ; sun 11-5,[],,"-$1,027 (-0.2 %)"
"7105 SE Mitchell St,", Portland,['97206'],2 bd,1 ba,676 sqft,1950,"$329,900","$331,600","$1,595/mo",Single Family,HOA fees$0/mo,"2017$2,645(+14%)$101,340(+3%)",(+2.3 %)
"746 NE Stafford St,", Portland,['97211'],3 bd,2 ba,"2,194 sqft",1951,"$439,900","$459,975","$2,095/mo",Single Family,HOA fees$0/mo,"2017$3,229(+14%)$123,710(+3%)",
"4060 SE 139th Ave,", Portland,['97236'],4 bd,3 ba,"1,577 sqft",2011,"$354,000","$342,864","$1,850/mo",Single Family,HOA fees$0/mo,"2017$3,626(+7.5%)$163,050(+3%)",(+10.1 %)
,portland,97236,4.0,2.0,2481,2018,475000,"['""zestimate"":398302']",[],single family,[],"2017 $387 +6.6% $17,400 +3%","+$1,729 (+0.4 %)"
"7418 N Williams Ave,", Portland,['97217'],3 bd,3 ba,"1,545 sqft",2015,"$450,000","$452,418","$2,095/mo",Single Family,HOA fees$0/mo,"2017$5,892(+14%)$225,780(+3%)",(+4.5 %)
,portland,97233,3.0,,1143,1947,,"['""zestimate"":301750']","['""rentZestimate"":1750']",single family,[],"2017 $3,204 -32.1% $145,950 +3%","$327,972 (+8.7 %)"
,portland,97217,3.0,3.0,1575,2019,480000,"['""zestimate"":404372']","['""rentZestimate"":2095']",single family,[],,Unavailable
"4434 SE 26th Ave,", Portland,['97202'],2 bd,1 ba,"1,680 sqft",1929,"$499,999","$493,992","$2,250/mo",Single Family,HOA fees$0/mo,"2017$3,386(+14%)$129,730(+3%)",(+0.3 %)
"235 SE 80th Ave,", Portland,['97215'],2 bd,1 ba,"1,241 sqft",1949,"$389,900","$396,638","$1,695/mo",Single Family,HOA fees$0/mo,"2017$2,982(+14%)$114,270(+3%)",(+2.9 %)
"1224 SE 163rd Pl,", Portland,['97233'],3 bd,2 ba,"1,416 sqft",1978,"$395,000","$335,881","$1,799/mo",Single Family,HOA fees$0/mo,"2017$3,898(+8.1%)$177,580(+3%)",(+3.7 %)
,portland,97220,2.0,,868,1942,,"['""zestimate"":339672']","['""rentZestimate"":1650']",single family,[],"2017 $3,217 +7.5% $147,490 +3%","$351,323 (+3.4 %)"
"3141 SE 115th Ave,", Portland,['97266'],4 bd,2 ba,"2,053 sqft",1947,"$499,000","$471,248","$1,995/mo",Single Family,HOA fees$0/mo,"2017$4,550(+6.6%)$204,600(+3%)",(+7.1 %)
"8138 SE Ogden St,", Portland,['97206'],3 bd,1 ba,988 sqft,1924,"$295,000","$302,471","$1,620/mo",Single Family,HOA fees$0/mo,"2017$1,303(+14%)$49,950(+3%)",(+0.7 %)
"2321 SE 89th Ave,", Portland,['97216'],2 bd,1 ba,802 sqft,1927,"$342,000","$340,085","$1,525/mo",Single Family,HOA fees$0/mo,"2017$3,170(+14%)$121,460(+3%)",(+6.4 %)
"15557 E Burnside St,", Portland,['97233'],4 bd,4 ba,"1,780 sqft",1970,"$352,900","$347,121","$1,395/mo",Single Family,HOA fees$0/mo,"2017$3,875(+12%)$173,780(+3%)",(+0.2 %)
"533 SE 113th Ave,", Portland,['97216'],2 bd,1 ba,860 sqft,1951,"$275,000","$284,579","$1,550/mo",Single Family,HOA fees$0/mo,"2017$2,802(+6.6%)$125,990(+3%)",(+1.1 %)
"511 NE Skidmore St,", Portland,['97211'],3 bd,3 ba,"1,692 sqft",2003,"$484,500","$493,098","$2,250/mo",Single Family,HOA fees$0/mo,"2017$4,392(+14%)$168,290(+3%)",(+0.2 %)
"9126 SE Taggart St,", Portland,['97266'],4 bd,3 ba,"1,848 sqft",2003,"$384,900","$385,633","$2,095/mo",Single Family,HOA fees$0/mo,"2017$4,806(+14%)$184,160(+3%)",(+3.7 %)
"12132 SE Boise St,", Portland,['97266'],2 bd,3 ba,"1,652 sqft",1954,"$255,000","$268,297","$1,425/mo",Condo,HOA fees$0/mo,"2017$2,935(+9.3%)$131,990(+3%)",(+10.1 %)
"2827 SE 103rd Ave,", Portland,['97266'],5 bd,5 ba,"2,700 sqft",1939,"$469,000",,,Single Family,,,
"6415 SE 85th Ave,", Portland,['97266'],5 bd,2 ba,"2,200 sqft",1958,"$414,900","$384,111","$1,850/mo",Single Family,HOA fees$24/mo,"2017$3,077(+14%)$117,890(+3%)",(+0.6 %)
